ID,Ngày thu thập,Quốc gia,Loại robot,Dạng sản phẩm robot / use case,Buyer/User type,Custom assembly,Custom part,Material,Manufacturing process,Technical requirement / tolerance / finish,Lifecycle stage,Revision intensity signal,Repeat / replacement signal,Single-process / multi-process,China manufacturing-fit signal,US/AU sourcing-friction signal,Raw claim / fact,Source URL,Source type,Publication date,Confidence,Fact / inference / hypothesis,Unknown / gap,Notes
R001,2026-09-19,US,Humanoid/general-purpose,"Humanoid robot structural frame/chassis (general, multi-OEM support)",Robot OEM (humanoid startup/manufacturer),Chassis/frame assembly; mounting bracket set,Frame member; mounting bracket,"unknown (aluminum implied, not stated)",CNC machining (multi-axis),unknown,Prototype through production (explicitly spans early prototype to assembly validation and production prep),Vendor states support 'from early prototype stages through assembly validation and production preparation' implying multiple design rounds,unknown,Multi-process (implied: machining + assembly support),"unknown (vendor is China-based rapid manufacturing supplier, not stated explicitly as China facility in snippet)",unknown,"DakingsRapid has supported customers developing next-generation humanoid robots since 2021, providing manufacturing support from early prototype stages through assembly validation and production preparation, including chassis frames and mounting brackets.",https://www.dakingsrapid.com/robotics/,Manufacturer/vendor site (China-based custom manufacturer),unknown,low,fact (vendor claim),"No named customer, no volume, no material specified",Vendor claim - mark accordingly per issue instruction
R002,2026-09-19,US,Humanoid/general-purpose,Humanoid + cobot manufacturer supply (multi-customer CNC shop),Humanoid/cobot robot OEM,Structural frame; joint assembly; actuator housing; end-effector assembly,Structural frame member; joint housing; actuator housing; end-effector component,unknown,CNC machining (precision machine shop),unknown (shop is precision-focused; specific tolerance not given in snippet),"unknown (implies ongoing production support, not stated prototype vs production)",unknown,"Implied repeat (ongoing shop relationship, not one-off) - inference",Multi-process implied (frame + joint + housing + end-effector = different geometries/processes),n/a (US-based shop),unknown,"CARR Machine & Tool, a precision CNC machine shop in Elk Grove Village, Illinois, machines structural frames, joint assemblies, actuator housings, and end-effector components for humanoid and collaborative robot manufacturers.",https://carrmachine.com/industries/humanized-robotics/,Manufacturer/vendor site (US CNC job shop),unknown,low,fact (vendor claim),"No named OEM customer, no volumes, no material/tolerance detail",Evidence that US-based job shops market directly to humanoid/cobot OEMs as a target industry
R003,2026-09-19,US,Humanoid/general-purpose,Humanoid robot arm/link assembly,Humanoid robot OEM/integrator,Arm/link assembly (swing arm),Swing arm link bracket,7075-T6 aluminum alloy,5-axis CNC machining,"unknown numeric tolerance given, but implied precision (5-axis complex geometry)",unknown,unknown,unknown,Single-process (machining) for this specific part,"unknown (Hardware Rapid appears to be a China-based CNC vendor per naming convention, not explicitly stated)",unknown,"Hardware Rapid specializes in custom 5-axis CNC machined swing arm link brackets for humanoid robots, machined from 7075-T6 aluminum alloy, selected for high tensile strength, good machinability, low density.",https://hardwarerapid.com/portfolio-items/5-axis-cnc-machined-robot-swing-arm-link-bracket-7075-aluminum/,Manufacturer/vendor portfolio page,unknown,medium,"fact (vendor claim, material grade is a concrete/specific detail)",No named end customer,7075-T6 chosen over 6061 explicitly for strength-to-weight in this application per vendor
R004,2026-09-19,US,Humanoid/general-purpose,Open-source low-cost humanoid research robot (Berkeley Humanoid Lite),"Academic/research lab, hobbyist builder",Torso frame (extrusion cage),3D-printed bracket connecting extrusions to actuators,Aluminum extrusion (frame) + 3D-printed plastic brackets,3D printing + off-the-shelf extrusion assembly,unknown,"Prototype / research build, explicitly designed for low-cost accessibility and customization","High - open-source project designed to be 'customizable', implying frequent redesign by different builders","One-off/DIY per builder, but design itself is reused/forked (open-source)",Multi-process (extrusion + 3D printing + assembly),unknown,unknown,"Berkeley Humanoid Lite uses aluminum extrusions arranged to form a cage for the torso frame, with actuators fitting between the extrusions and locking into place through 3D-printed brackets, designed to be low-cost, accessible, and customizable.",https://arxiv.org/pdf/2504.17249,Academic paper (arXiv preprint),2025 (arXiv:2504.17249),high,fact,Not a commercial RFQ - research-stage evidence only,Shows a real 'maker/startup-built custom robot' adjacent lifecycle pattern: 3D print for rapid iteration before committing to machined parts
R005,2026-09-19,US,Humanoid/general-purpose,Humanoid robot joint (actuator) module,Humanoid robot OEM,Joint housing assembly,Joint housing (bearing bore),"unknown (aluminum typical per general CNC robotics context, not stated for this exact source)","CNC machining, precision boring/grinding for bearing bore",Bearing bore tolerance H6/H7; surface finish Ra 0.4-0.8 micrometers; GD&T-controlled stack-up under 0.05mm across the joint assembly,unknown,unknown,unknown,Multi-process (machining + grinding for finish),unknown,unknown,"Robot joint housing components require bearing bore tolerances of H6/H7, surface finish Ra 0.4-0.8 micrometers, and GD&T-controlled stack-up under 0.05mm, per precision CNC machining suppliers targeting robot joint housings.",https://www.jadecnc.com/precision-cnc-machining-for-robot-joint-housings/,Manufacturer/vendor site (CNC job shop),unknown,medium,"fact (vendor-stated spec, plausible/consistent with mechanical engineering norms)",No named customer/product,"Cross-check with ptsmake.com humanoid joint components page, consistent tolerance class cited"
R006,2026-09-19,US,Humanoid/general-purpose,Humanoid robot joint module - bearing seat + anodized housing,Humanoid robot OEM,Joint housing assembly,Joint housing with bearing seat,Aluminum (implied by anodizing process),CNC machining + Type III hard anodize (25 micrometer) + selective masking of bearing surfaces,"Bearing seat surface finish Ra 0.4 (ground after milling); external faces Ra 1.6; Type III hard anodize 25 micrometers; 100% CMM inspection on bearing seat geometry; masking required because anodize thickness cannot be controlled tighter than ~0.0127mm (half a mil), which would violate press/clearance fits on bearing races",unknown,Implied - anodize-vs-tolerance conflict is a known design iteration point (post-plate reaming or 0.05mm allowance needed),unknown,Multi-process (machining + anodizing + masking + CMM inspection),unknown,unknown,"Humanoid robot joint components need bearing seat surface finish Ra 0.4 (ground after milling), external faces Ra 1.6 plus Type III hard anodize of 25 micrometers, with 100% CMM inspection of bearing seat geometry; anodize thickness control is difficult (~0.0127mm/half-mil) which is tighter than required bearing press/clearance fits, requiring masking or post-plate reaming.",https://www.dakingsrapid.com/humanoid-robot-joint-cnc-machining-tolerances-specs/,Manufacturer/vendor technical blog,unknown,medium,"fact (technical/process claim, internally consistent with known anodizing physics)",No named OEM,Good example of a technical-requirement row directly explaining an RFQ complexity driver (anodize+bearing fit conflict)
R007,2026-09-19,"Global (China supplier, sells to US/AU-style export customers)",Humanoid/general-purpose,Humanoid/6-axis robot arm structural link,Robot arm/humanoid OEM,Arm/link assembly,Structural link housing,Aluminum (die-cast) / Magnesium (for lower-inertia joint housings),"Die casting (aluminum) or investment casting, with CNC finish machining; magnesium used to minimize inertia in articulated arm joint housings",Flange bore position tolerance +/-0.03 to 0.05mm; bolt hole pattern tolerance +/-0.05 to 0.08mm; mating face flatness 0.01-0.03mm,Production (die casting requires volume to be economical),unknown,Production/repeat (implied by casting tooling investment),"Multi-process (casting + CNC finish machining, explicitly noted as combined workflow)",Sango Automation (China) is cited as an established robot-arm gravity-casting supplier with 10+ years in robotics casting; die casting/investment casting + finish machining is a demonstrated China capability cluster for this part type,unknown,"Structural links in 6-axis industrial/humanoid robot arms are typically aluminum die castings (or magnesium for lower inertia), finished with CNC machining; flange bore position tolerance +/-0.03-0.05mm, bolt hole pattern +/-0.05-0.08mm, mating face flatness 0.01-0.03mm. Die casting becomes economical above ~3,000-5,000 units; below that, machined billet or investment casting wins.",https://www.fictiv.com/articles/robotic-arm-components-manufacturing,Manufacturer/marketplace technical guide (Fictiv),unknown,medium,"fact (process-selection guidance from a manufacturing marketplace, consistent with general die-casting economics)",No specific customer/product named,Direct volume-threshold evidence: this is a lifecycle-stage signal (prototype/low-volume -> machined billet; production -> die cast) relevant to RFQ shape
R008,2026-09-19,Global (China casting supplier),Humanoid/general-purpose,Robot arm gravity/die casting components,Robot OEM (industrial arm / humanoid),Arm/link assembly,Cast structural housing,Aluminum alloy (gravity casting),Gravity die casting + machining,unknown,Production,unknown,Production/repeat,Multi-process (casting + machining),Sango Automation (China) markets itself as a specialist robot-arm gravity-casting parts manufacturer/supplier with over 10 years in casting including robotic arm components - direct evidence of a China supplier cluster specializing in this exact part category,unknown,"Sango Automation is one of China's manufacturers of robot arm gravity casting parts, with over 10 years engaged in casting including robotic arm components.",https://www.sango-automation.com/casting/robot-arm-gravity-casting-parts.html,Manufacturer/vendor site (China),unknown,low,fact (vendor self-description),"No named customers, no export/QC certification stated",
R009,2026-09-19,US,Humanoid/general-purpose,Humanoid/mobile robot battery/electronics enclosure,Robot OEM,Battery enclosure / protective electronics enclosure,Enclosure body machined from billet,Billet 6061/7075 aluminum,CNC machining from solid billet (no porosity),"unknown numeric tolerance, but vendor emphasizes eliminating porosity for strength",unknown,unknown,unknown,Single-process (billet machining) though finishing (anodize) likely follow-on,Rally Precision markets itself as a China CNC manufacturer of custom aluminum enclosures,unknown,"Rally Precision provides custom aluminum enclosures machined from solid billet (6061/7075), eliminating porosity for strong, lightweight electronic chassis/enclosures.",https://www.rallyprecision.com/products/custom-aluminum-enclosure/,Manufacturer/vendor site (China),unknown,low,fact (vendor claim),"Not robot-specific in the source (general electronics enclosure), applied here by inference",Battery/electronics enclosure is explicitly named in the issue's assembly examples
R010,2026-09-19,Global (China fabricator),AMR/warehouse/logistics,AMR/AGV chassis and structural frame,AMR/AGV robot OEM,Chassis/frame assembly (welded),Frame member; structural panel,Heavy-gauge structural steel and stainless steel (304/316L),"Laser cutting + CNC press-brake bending + TIG/MIG welding (deeply penetrated, stress-relieved welds) + powder coat/anodize finish",unknown numeric tolerance in this source,"Production (structural, stress-relieved welding implies durability/production requirement)",unknown,Production/repeat (OEM chassis line),Multi-process (laser cut + bend + weld + finish),ShincoFab (China-based per naming/market context) markets lightweight AGV/AMR sheet-metal chassis fabrication using structural steel/stainless with stress-relieved welds - a direct China-supplier example of multi-process AMR chassis capability,unknown,"ShincoFab specializes in lightweight robotics sheet-metal chassis fabrication for AGVs/AMRs using heavy-gauge structural steel and stainless (304/316L) with deeply penetrated, stress-relieved TIG/MIG welds.",https://shincofab.com/sheet-metal-fabrication-for-robotics/,Manufacturer/vendor site,unknown,low,fact (vendor claim),No named customer/volume,
R011,2026-09-19,Global (China fabricator),AMR/warehouse/logistics,AMR robot welded chassis,AMR robot OEM,Welded chassis assembly,Welded frame,"unknown (sheet metal, grade unspecified)",Sheet metal fabrication + welding (precision sheet metal fab specifically marketed for 'robot welding chassis'),unknown,Production,unknown,Production/repeat,Multi-process (fab + welding),Sheetmetalchina.com markets a dedicated product line for 'AMR Robot Welding Chassis' as precision sheet-metal fabrication - a China custom-sheet-metal manufacturer explicitly targeting this exact AMR part category,unknown,A named China sheet-metal manufacturer markets 'AMR Robot Welding Chassis Precision Sheet Metal Fabrication' as a specific product/service line.,https://www.sheetmetalchina.com/robot-welding-chassis/,Manufacturer/vendor site (China),unknown,low,fact (vendor claim),No customer/spec detail beyond product-line naming,
R012,2026-09-19,Global (China fabricator),AMR/warehouse/logistics,"AMR robot controller enclosure, EOAT frame, vision housing, AGV/AMR structure (build-to-print)",AMR/AGV robot OEM,AGV/AMR structure; robot controller enclosure; EOAT frame; vision housing,Structural frame member; controller enclosure; EOAT frame member; vision/camera housing,unknown,Build-to-print sheet metal fabrication,unknown,"unknown (build-to-print implies customer-supplied drawings, so likely production/repeat)",unknown,"Repeat implied (build-to-print supplier relationship, not one-off)",Multi-process across the listed assemblies (fab + finishing),"DRAmetal explicitly offers build-to-print sheet metal fabrication for robotics OEMs covering AGV and AMR structures, robot controller enclosures, EOAT frames, and vision housings - broad multi-assembly China capability evidence",unknown,"DRAmetal provides build-to-print sheet metal fabrication for robotics OEMs including AGV and AMR structures, robot controller enclosures, EOAT frames, and vision housings.",https://drametal.com/industries/robotics/,Manufacturer/vendor site,unknown,low,fact (vendor claim),Country of manufacture not explicitly confirmed as China in snippet (needs verification),
R013,2026-09-19,Global (China fabricator),AMR/warehouse/logistics,AMR/AGV picking and storage tray,AMR/AGV robot OEM or warehouse integrator,Custom metal tray (payload-carrying structure),Custom sheet-metal tray,"unknown (metal, grade unspecified)",Sheet metal fabrication,unknown,unknown,unknown,unknown,unknown,Named China custom sheet-metal manufacturer markets a specific 'Logistics AGV AMR Robot Picking Storage Custom Metal Tray' product line,unknown,A China custom sheet-metal manufacturer offers a dedicated 'AGV AMR Robot Picking Storage Custom Metal Tray' product/service.,https://www.sheetmetalchina.com/custom-metal-tray/,Manufacturer/vendor site (China),unknown,low,fact (vendor claim),No spec/tolerance/material detail,
R014,2026-09-19,US,AMR/warehouse/logistics,"AS/RS, AGV and conveyor structural components",Material-handling/warehouse-automation OEM,Welded main structural frame (AMR),Structural frame member,unknown,Welding + structural fabrication,unknown,Production (heavy-duty structural),unknown,Production/repeat,unknown (at least welding + fabrication),n/a (US-based),unknown (implicitly a US-based alternative to China sourcing for AMR structural frames),"McAlpin Industries manufactures structural components and heavy-duty robotic welded main structural frames for AMRs, and produces AS/RS, AGV and conveyor parts, as a US material-handling/warehouse-automation manufacturer.",https://www.mcalpin-ind.com/industries/material-handling,Manufacturer/vendor site (US),unknown,low,fact (vendor claim),No spec detail,"Evidence a domestic-US supply option exists for AMR structural frames, relevant to US friction/onshoring comparison"
R015,2026-09-19,US,Cobot/industrial arm/machine tending,Custom EOAT for cobot pick-and-place / machine tending,Cobot integrator / end user (manufacturer automating a process),Custom EOAT/gripper structure,Gripper jaw; mounting plate/bracket; nest,"AL6061-T6, AL7075-T6, various stainless steels",CNC machining or 3D printing depending on complexity/volume,unknown numeric tolerance in this source,"unknown (engineer-to-order per application, implies prototype-first)",Implied high - 'specialized gripper jaws based on years of expertise solving customer applications from simple to complex' suggests iterative application-specific design,"Custom/one-off per application, but the supplier repeats the engineering process across many customers","Multi-process (machined or 3D-printed, mixed-material assemblies)",unknown,unknown,"EMI Corp engineers design specialized gripper jaws for cobot EOAT based on customer applications from simple to complex, machined or 3D printed, using AL6061-T6, AL7075-T6, and various stainless steels; the company has focused on custom EOAT for over 20 years.",https://www.emicorp.com/eoat-solutions,Manufacturer/vendor site (US),unknown,medium,fact (vendor claim with specific material grades),No named customer/application,
R016,2026-09-19,US,Cobot/industrial arm/machine tending,CNC machined robot end-effector product families,Cobot/robot integrator,Custom EOAT/gripper structure,"Mixed-material gripper components (jaws, brackets, plates)",unknown (implied metal per 'CNC machined'),CNC machining,unknown,unknown,unknown,unknown,unknown,unknown,unknown,EOAT Machining offers CNC-machined robot end-effector product families as a dedicated business line for robot EOAT components.,https://eoatmachining.com/products,"Manufacturer/vendor site (US, dedicated EOAT CNC shop)",unknown,low,fact (vendor claim),No spec detail retrieved,"Existence of a dedicated 'EOAT machining' business category is itself evidence this is a distinct, demand-worthy custom-part niche"
R017,2026-09-19,US,Cobot/industrial arm/machine tending,Machine-tending fixture for CNC part loading (titanium blanks),Manufacturer automating CNC machine tending,Custom fixture/jig,Hydraulic workholding fixture,unknown (fixture material not specified; workpiece is titanium),Precision fixture fabrication + hydraulic clamping,Repeatability +/-0.05mm on the tending/fixture system,Production (integrated into an ongoing machine-tending cell),unknown,Production/repeat,unknown,unknown,unknown,"A robotic machine-tending example describes a robot on a linear rail tending multiple CNC machines, handling titanium blanks up to 8kg and loading them into hydraulic fixtures with +/-0.05mm repeatability.",https://amdmachines.com/solutions/machine-tending/,"Manufacturer/vendor site (US, machine-tending integrator)",unknown,low,"fact (vendor-described application example, specific numbers given)",No named customer; fixture material unspecified,Illustrates the fixture/jig custom-part category directly (issue example 'custom fixture/jig')
R018,2026-09-19,US,Cobot/industrial arm/machine tending,Jigs and fixtures for robotic/CNC workholding,Manufacturer/integrator,Custom fixture/jig,Jig/fixture body,unknown,CNC machining or 3D printing (both explicitly offered as alternative routes),unknown,Prototype/low-volume typical for jigs/fixtures (build-to-suit per production line),unknown,unknown,Either single-process (3D print) or CNC depending on the job - a genuine process-choice fork,unknown,unknown,"Protolabs markets creating jigs and fixtures via either CNC machining or 3D printing, positioning both as viable manufacturing routes depending on the application.",https://www.protolabs.com/resources/blog/create-jigs-and-fixtures-with-cnc-machining-and-3d-printing/,"Manufacturer/vendor blog (Protolabs, US/EU on-demand mfg marketplace)",unknown,low,fact (vendor claim),No robotics-specific example given,
R019,2026-09-19,US,Cobot/industrial arm/machine tending,"Custom sensor mounts for cobot/robot integration (camera, LiDAR, encoder)",Robot integrator / OEM,Sensor/camera mount assembly,Sensor mount bracket,unknown,CNC machining,unknown,unknown,unknown,unknown,unknown,unknown,unknown,"A California precision CNC machining supplier markets high-precision robotic mounts for cameras, LiDAR, encoders, and other sensors, along with custom machined brackets and fixtures, as a distinct robotics-industry service line.",https://www.jacoworks.com/industries-served/robotic-components,Manufacturer/vendor site (US),unknown,low,fact (vendor claim),No spec/customer detail,Sensor/camera mount assembly is directly named in the issue's list of custom assemblies
R020,2026-09-19,US,Cobot/industrial arm/machine tending,Robot gripper jaw / finger wear-resistant tooling,Cobot/robot integrator,Custom EOAT/gripper structure,Gripper jaw/finger,Aluminum 6061/7075 for lighter payloads (<25kg); 4140 steel; 304 stainless; Delrin; PEEK; A2 tool steel hardened to 53 RC for wear-resistant fingers; H13 tool steel for high-temp/impact tooling; TiN coating for durability,"CNC machining (precision tolerances up to +/-0.001in general, +/-0.0005in on critical grip surfaces) + heat treatment (hardening) + coating (TiN)",+/-0.001 inch general feature tolerance; +/-0.0005 inch on critical grip-surface dimensions; hardening to 53 RC; TiN coating for wear resistance,unknown,"Implied - 'adaptive fingers, specialized jaw designs, multi-position grippers with complex contours' suggests application-specific iteration",unknown,Multi-process (machining + heat treat + coating),unknown,unknown,"Robot gripper jaws/fingers are machined from a range of materials by application: aluminum 6061/7075 for lighter payloads, 4140 steel and 304 stainless for general use, tool steel (A2 hardened to 53 RC, H13 for high-temp/impact) for wear resistance, sometimes TiN-coated; precision tolerances of +/-0.001in general and +/-0.0005in on critical grip-surface dimensions are cited as achievable.",https://www.rivcut.com/cnc-machining/robotics/gripper-components/,Manufacturer/vendor site (US CNC shop),unknown,medium,fact (vendor-stated but material/tolerance detail is specific and internally consistent with known tooling practice),No named customer,Strong technical-requirement row: directly ties material+process+tolerance+heat-treat+coating together for one custom part
R021,2026-09-19,US,Agriculture robot,Agricultural robot/equipment custom mounting hardware,Ag equipment/robot OEM,Mounting bracket / adapter assembly,Bracket; bushing; plate; adapter,unknown (implied metal),"CNC machining, fast turnaround",unknown,unknown (repair/replacement implied by 'repairs' in company positioning),unknown,Repair/replacement signal explicit - company markets 'parts & repairs' for ag equipment,unknown,n/a (US-based),unknown (US domestic fast-turnaround positioning implies a lead-time pain point being solved),"McCarty Fabrication provides CNC machining for agricultural equipment, including brackets, bushings, plates, and adapters, with fast turnaround and nationwide shipping, explicitly positioned around 'parts & repairs.'",https://www.mccartyfabrication.com/agriculture,Manufacturer/vendor site (US),unknown,low,fact (vendor claim),Not robot-specific (general ag equipment); applied by category adjacency,'Repairs' positioning is itself repeat/replacement-signal evidence for ag hardware generally
R022,2026-09-19,"Global (vendor, tolerance data used for robotics/automation bracket category)",Agriculture robot,Custom bracket for robotic arm/automation mounting (applicable to ag robot mounts),Robot/automation OEM,Mounting bracket assembly,Custom CNC machined bracket,"Aluminum, steel, brass, plastics",CNC machining,Tight tolerance up to +/-0.005mm cited for bracket machining,unknown,unknown,unknown,unknown,Beska is a China-based custom CNC manufacturer marketing brackets specifically for 'robotic arms and automation systems where accurate positioning and stable mounting are crucial',unknown,"Beska manufactures custom CNC machined brackets with tight tolerance up to +/-0.005mm, available in aluminum, steel, brass, plastics, and various surface finishes, marketed specifically for robotic arm and automation mounting applications.",https://www.beskamold.com/products/custom-cnc-machined-brackets/,Manufacturer/vendor site (China),unknown,low,fact (vendor claim),Not ag-robot-specific in source; general robotics bracket capability applied by analogy,
R023,2026-09-19,"unknown (academic, general/EU research context)",Agriculture robot,Sweet pepper harvesting robot (protected cropping),Ag-tech research/robot developer,Custom EOAT/gripper structure (harvesting end-effector),Vacuum gripper + oscillating cutting blade end-effector,unknown,"unknown (research prototype, fabrication method not detailed)",unknown,Prototype/research stage,High - research harvesting end-effectors are iterated extensively per crop geometry,One-off/research prototype,Multi-function single assembly (gripping + cutting combined) - implies multi-process fabrication even if not detailed,unknown,unknown,"A sweet pepper harvesting robot end-effector removes the pepper by first gripping it with a vacuum gripper, then cutting through the stem with an oscillating blade - a dual-purpose custom harvesting tool.",https://arxiv.org/pdf/1810.11920,Academic paper (arXiv),2018 (arXiv:1810.11920),high,fact,"No manufacturing process/material/supplier detail - research paper focuses on mechanism, not fabrication",Illustrates why ag-robot end-effectors are inherently custom (crop-specific geometry) even though this source doesn't name a manufacturing process
R024,2026-09-19,unknown (academic),Agriculture robot,Soft gripper for small-fruit harvesting and pick-and-place,Ag-tech research/robot developer,Custom EOAT/gripper structure,Soft gripper finger (dual-layer),TPU (3D printed base layer) + Ecoflex 00-30 silicone elastomer (molded air-chamber layer); also 1.75mm TPE filament variant,3D printing (FDM) + silicone molding (combined multi-material assembly),unknown,Prototype/research,High (soft-robotics grippers are iterated per fruit type/size),One-off/research prototype,"Multi-process (3D printing + molding, two different materials in one assembly)",unknown,unknown,A soft gripper for small-fruit harvesting combines a 3D-printed TPU base layer for finger firmness with a molded Ecoflex 00-30 silicone air-chamber layer for elasticity; TPE filament (1.75mm) is cited as an alternative single-material 3D printing option.,https://www.frontiersin.org/journals/robotics-and-ai/articles/10.3389/frobt.2023.1330496/full,Academic paper (peer-reviewed journal),2023,high,fact,No commercial manufacturing/supplier/cost data,"Good example of a genuinely custom, multi-material, multi-process ag-robot part - though still research-stage, not yet a commercial RFQ"
R025,2026-09-19,unknown (academic),Agriculture robot,Avocado harvesting end-effector,Ag-tech research/robot developer,Custom EOAT/gripper structure,Avocado-specific end-effector,unknown,unknown,unknown,Prototype/research,unknown,unknown,unknown,unknown,unknown,"A dedicated end-effector was designed specifically for avocado harvesting, reflecting the crop-specific custom end-effector design pattern common across agricultural robotics research.",https://arxiv.org/pdf/2407.01809,Academic paper (arXiv),2024 (arXiv:2407.01809),medium,"fact (title/topic level, full mechanism/material detail not extracted)",Fabrication/material detail not retrieved from this source in this pass,Flagged for deeper follow-up read if this category is prioritized
R026,2026-09-19,"Global (China supplier, US/AU market via export)",Inspection/field robot,Underwater ROV pressure housing (shallow and deep-rated),ROV/AUV OEM or research institution,Protective enclosure (pressure housing),Pressure housing tube; end cap,"Aluminum 6061-T6/7075-T6 (shallow-rated); Titanium Grade 5 (deep-rated); anodized aluminum, stainless steel also used",5-axis CNC machining,Assembly surface tolerance ~0.025mm; surface roughness Ra 0.8 micrometers at O-ring interface; O-ring interface always held to tight tolerance even when the rest of the part has wide tolerance; wall thickness engineered against external pressure + safety factor + corrosion allowance over service life,Prototype through production (design considerations span both),unknown,unknown,Multi-process (machining of tube + end caps + O-ring groove finishing),"WayKen (China-based rapid manufacturing/CNC supplier) publishes detailed ROV housing design/tolerance guidance, indicating direct China manufacturing-capability depth in this niche pressure-housing process",unknown,"ROV pressure-resistant housings typically use aluminum alloys (6061-T6/7075-T6) for shallow systems and titanium Grade 5 for deep-rated applications; assembly surface tolerance of ~0.025mm and Ra0.8 surface roughness are required at the O-ring interface even though the rest of the housing may carry wider tolerance; wall thickness is calculated against external pressure, safety factor, and corrosion allowance.",https://waykenrm.com/blogs/underwater-rov-design-and-customization/,Manufacturer/vendor technical blog (China),unknown,medium,fact (technical/process claim consistent with known pressure-vessel design practice),No named customer/product,Strong technical-requirement + China-fit combined row
R027,2026-09-19,Global (China supplier),Inspection/field robot,Deep-rated subsea/underwater titanium pressure housing,ROV/AUV/subsea equipment OEM,Protective enclosure (pressure housing),Titanium subsea pressure housing,Titanium alloy,Precision machining of titanium,100% dimensional inspection on completion; only parts fully meeting tolerance requirements are released to the customer,Production,unknown,unknown,unknown,BJMK (China) explicitly markets 'Customized Titanium Subsea Pressure Housings' with 100% dimensional inspection before release - direct China export-QC capability evidence for this exact niche part,unknown,"BJMK, a China titanium-machining manufacturer, states that all underwater titanium pressure housings and end caps are 100% dimension-inspected upon completion, and only products fully meeting tolerance requirements are released to the customer.",https://www.mk-titanium.com/machining-titanium/machining-titanium-for-subsea/titanium-subsea-pressure-housings.html,Manufacturer/vendor site (China),unknown,low,fact (vendor claim),No third-party verification of the 100% inspection claim,
R028,2026-09-19,US,Inspection/field robot,"Watertight enclosures for ROVs, cameras, and sensors","ROV/marine robotics developer (research, hobbyist, small commercial)",Protective enclosure,Watertight enclosure tube,unknown (catalog product; some customization available),unknown,unknown,"Catalog/semi-custom, positioned for both off-the-shelf and integration use",unknown,unknown,unknown,unknown,unknown,"Blue Robotics (US) sells watertight enclosures for underwater ROVs, cameras, and sensors as a semi-standardized product line rather than fully bespoke custom manufacturing.",https://bluerobotics.com/store/watertight-enclosures/wte-vp/,Manufacturer/vendor site (US),unknown,low,fact (vendor product listing),"This is catalog/semi-custom, not a full custom-manufacturing RFQ example - kept only as a boundary case","Per issue scope rule, catalog parts should not receive research effort; included only to illustrate the catalog-vs-custom boundary for pressure housings, not as a core RFQ record"
R029,2026-09-19,US/UK (case example),Inspection/field robot,Power-line inspection drone with custom gimbal,Utility/infrastructure inspection operator or drone integrator,Sensor/camera mount assembly (gimbal),Weatherproof gimbal housing,Carbon fibre + light aluminium alloys,Composite fabrication + CNC machining (implied by 'light aluminium alloys'),Weatherproofing requirement explicit,Custom/one-off engineering development for a specific fixed-wing UAV platform,unknown,unknown,Multi-process (composite + metal + weatherproof sealing),unknown,unknown,"HD Air Studio developed a custom weatherproof gimbal for power-line inspection on a fixed-wing UAV, constructed from carbon fibre and light aluminium alloys.",https://www.unmannedsystemstechnology.com/feature/developing-a-custom-weatherproof-gimbal-for-a-power-line-inspection-drone/,Industry trade publication (feature article),unknown,medium,fact,No tolerance/volume/cost detail,
R030,2026-09-19,"Global (China CNC vendor, case study)",Inspection/field robot,Survey/mapping drone gimbal motor mount,Survey drone manufacturer,Sensor/camera mount assembly (gimbal),Motor mount (gimbal),Aluminum,"CNC machining, with a documented re-machining/design revision cycle",Motor mount flatness tolerance: initial 0.06mm flatness error caused image-blurring vibration transfer; re-machined to <=0.01mm flatness with controlled perpendicularity to fix the issue,"Production issue discovered after fielding, resolved via design/process revision",Direct revision-intensity evidence: a flatness spec was tightened (0.06mm -> <=0.01mm) after a field failure (image blur) traced to vibration,unknown,unknown,"CNCTAL (China) published this as a customer case study, showing China CNC supplier involvement in root-causing and resolving a tolerance-driven quality issue on a gimbal motor mount",unknown,"A survey drone manufacturer experienced image blurring during mapping flights traced to motor mount flatness; CNC-machined aluminum mounts with 0.06mm flatness error transmitted motor vibration into the gimbal frame, and re-machining the mounts to <=0.01mm flatness with controlled perpendicularity eliminated the vibration transfer.",https://www.cnctal.com/uav-parts/,Manufacturer/vendor case study (China),unknown,medium,"fact (vendor case study, but the engineering mechanism described - flatness/vibration/blur - is technically coherent)",Customer not named (anonymized case study),Rare example of revision intensity tied to a documented root-cause/fix cycle
R031,2026-09-19,Global (China manufacturer),Service robot,Commercial cleaning robot for hospitality/food service (custom variant),Hospitality/commercial cleaning robot brand or operator wanting a customized product,Chassis/enclosure (whole-robot level),Custom housing/enclosure,unknown,unknown (positioned as 'custom manufacturer' offering design-phase-to-after-sales support),unknown,"Design phase through after-sales - i.e., spans prototype to production to support",unknown,unknown,unknown,Ningbo Reeman Intelligent Technology (China) explicitly markets itself as a 'custom manufacturer that understands unique requirements and provides support from design phase to after-sales service' for commercial cleaning robots - direct China ODM/custom-manufacturing capability for whole-robot service-robot products,unknown,"Ningbo Reeman Intelligent Technology is a China-based custom manufacturer of commercial cleaning robots, providing support from the design phase through after-sales service for clients wanting customized products.",https://www.reemanrobotics.com/cleaning-robot-commercial/,Manufacturer/vendor site (China),unknown,low,fact (vendor claim),"This is whole-robot ODM/OEM manufacturing, not a decomposed custom-part RFQ - a genuine open gap for this category (see coverage audit)","Service-robot category is comparatively thin on decomposed custom-part evidence; flagged as a real gap, not silently treated as complete"
R032,2026-09-19,Global (vendor),Service robot,"Robot housing / sheet-metal enclosure (general, applicable to service robots)",Robot OEM (service/delivery/mobile robot),Protective enclosure,Sheet-metal robot housing,unknown,Sheet metal forming (custom enclosures),unknown,unknown,unknown,unknown,unknown,unknown,unknown,"A manufacturer markets sheet-metal forming specifically for 'custom robot enclosures,' from CAD to finished casing.",https://epromfg.com/robot-housing-manufacturer-sheet-metal-custom-enclosures/,Manufacturer/vendor site,unknown,low,fact (vendor claim),Not service-robot-specific in the source; applied by category adjacency; no spec detail,
R033,2026-09-19,US,Service robot,"Sidewalk delivery robot structure (Starship, Serve Robotics category context)",Sidewalk delivery robot OEM/operator,Protective enclosure; base frame,Insulated compartment housing; base frame,"Lightweight aluminum (5052/6061) for enclosures; rigid stainless steel for base frames (general robotics sheet-metal fabrication norm, not confirmed specific to Starship/Serve by name)",Laser cutting + CNC press-brake forming,unknown,unknown,unknown,unknown,Multi-process (laser cut + brake form + assembly),unknown,unknown,"Starship robots use an insulated interior compartment (maintaining hot/cold/frozen temperatures) and a six-wheel bogie system to climb curbs; general robotics sheet-metal fabrication practice for this class of robot uses lightweight aluminum (5052/6061) enclosures and rigid stainless-steel base frames, built with laser cutters and CNC press brakes - though no source directly confirms Starship's own supplier/material choice.",https://www.starship.xyz/our-robots/,Company website (Starship Technologies) + general fabrication-industry practice (ShincoFab),unknown,low,"inference (robot design facts are confirmed; specific material/process attribution to Starship itself is inferred from general industry practice, not confirmed)",No confirmed supplier or material spec directly tied to Starship/Serve Robotics hardware,"Marked inference per the no-invented-fact rule: the temperature/wheel facts are sourced to Starship directly, but the material/process facts are general industry norms, not Starship-specific"
R034,2026-09-19,AU,Mining/autonomous haulage,Autonomous haulage system (AHS) retrofit of existing haul trucks,Mining company (Rio Tinto) retrofitting an existing truck fleet,Retrofit kit (sensor/control integration onto legacy truck),unknown (kit contents not itemized in source),unknown,"unknown (retrofit installation, not a described fabrication process)",unknown,"Production/fleet rollout (retrofit of an operating fleet, not prototype)",unknown,Repeat/fleet-scale - 29 retrofit kits ordered for 830E trucks at Brockman 4 in one program,unknown,unknown,unknown,Rio Tinto ordered 29 Autonomous Haulage System (AHS) retrofit kits for installation on 830E standard trucks at its Brockman 4 mine in the Pilbara region.,https://www.itnews.com.au/news/rio-tinto-starts-autonomous-retrofits-for-haul-trucks-480041,Trade/tech news (iTnews),unknown (article covers a specific retrofit program),high,fact,"No breakdown of what custom mechanical parts (sensor mounts, brackets, enclosures) the retrofit kit itself contains - flagged as an open gap",This category's custom-part-level evidence (vs. fleet/program-level evidence) is the weakest of all 9 categories - see coverage audit
R035,2026-09-19,AU,Mining/autonomous haulage,Autonomous haulage - conversion of Caterpillar trucks to a different AHS platform,Mining company (Rio Tinto),Retrofit kit,unknown,unknown,unknown,unknown,Production/fleet rollout,unknown,"Repeat/fleet-scale - 19 Caterpillar haul trucks converted at Marandoo from mid-2018, first Rio Tinto deployment of AHS tech on Cat-brand vehicles",unknown,unknown,unknown,Rio Tinto converted 19 Caterpillar haul trucks at its Marandoo mine to autonomous operation from mid-2018 - the first time Rio Tinto deployed its AHS technology on Caterpillar-brand vehicles (rather than Komatsu).,https://www.cio.com/article/201760/rio-tinto-ramps-up-truck-automation.html,Trade/tech news (CIO.com),"unknown (historical, 2018 event reported)",high,fact,No custom-part-level detail,"Cross-platform retrofit (from Komatsu-native AHS to Caterpillar trucks) strongly implies custom mechanical adaptation/mounting hardware was needed, but this is an inference, not directly evidenced"
R036,2026-09-19,Global (mining OEM context),Mining/autonomous haulage,"Autonomous haulage retrofit kits (general capability, Caterpillar Command)",Mining company operating existing (non-autonomous) haul truck fleet,Retrofit kit,unknown,unknown,unknown,unknown,Production (kit-based retrofit of operating equipment),unknown,"Repeat (kit-based product, implies multiple installs across a fleet/industry)",unknown,unknown,unknown,"Caterpillar and other providers offer autonomous/semi-autonomous retrofit kits, including sensor and software systems, that can be installed on existing mining/earthmoving equipment to expand autonomous haulage ('Command') capability to trucks not originally built autonomous.",https://www.mining-technology.com/features/autonomous-haulage-systems/,Trade publication,unknown,medium,fact,No itemized custom mechanical-part list for the retrofit kit,
R037,2026-09-19,"Global (autonomous-vehicle sensor context, applicable to mining haul trucks)",Mining/autonomous haulage,LiDAR/radar sensor mounting for autonomous heavy-vehicle retrofit,Autonomous-vehicle/mining-truck retrofit integrator,Sensor/camera mount assembly (retrofit sensor support structure),Sensor mounting bracket/support structure,unknown,"unknown (fastened assembly: screws, bolts, nuts, adhesives, tapes, ties, ropes, clamps cited as integration methods)",unknown,Retrofit/aftermarket,unknown,unknown,unknown,unknown,unknown,"Retrofit sensor kits for autonomous heavy vehicles use support structures positioning LiDAR (roof-mounted) and mmWave radar (front/bumper-mounted, to minimize signal distortion from metallic structures), with radar assemblies positionable at lower/upper portions of the mounting frame; fastening methods for the support structure include screws, bolts, nuts, adhesives, tapes, ties, ropes, and clamps.",https://pmc.ncbi.nlm.nih.gov/articles/PMC13431312/,Academic/patent-adjacent technical source (peer-reviewed + patent literature),2026 (recent),medium,"fact (mechanism-level; specific to autonomous-vehicle retrofit generally, applied to mining haul trucks by direct relevance since mining AHS uses the same LiDAR/radar retrofit pattern)",Not confirmed as mining-specific in this exact source; material of the mounting structure not given,
R038,2026-09-19,Global (China supplier),Exoskeleton/wearable robot,Rehabilitation/industrial exoskeleton frame and joint housing,Exoskeleton OEM (medical/rehab or industrial),Joint housing assembly; load-bearing frame,Housing; stator mount; frame member,AL6061-T6 aluminum (most common for housings/stator mounts); titanium alloys and reinforced polymers as alternatives for higher-spec applications,"CNC milling, turning, EDM, or grinding for critical structural components at high-stress concentration points","unknown numeric tolerance in this exact source, but explicit requirement that housing dimensional tolerances must ensure proper alignment/assembly at attachment points and module interfaces",unknown,unknown,unknown,"Multi-process (milling + turning + EDM + grinding, chosen per feature)","WayKen (China) publishes a dedicated case-study/blog on custom-machined exoskeletons, indicating direct China manufacturing-capability depth in this niche",unknown,"AL6061-T6 aluminum is the most common material for exoskeleton housings and stator mounts; critical structural components are produced via CNC milling, turning, EDM, or grinding for components experiencing high stress concentrations; load-bearing frame members (aluminum or titanium) transfer forces from actuators to the user's body, and precision joint assemblies integrate multi-axis rotational interfaces with bearings and seals; dimensional tolerances at attachment points/module interfaces are called out as critical.",https://waykenrm.com/blogs/custom-machined-exoskeleton-robot/,Manufacturer/vendor technical blog (China),unknown,medium,"fact (vendor technical content, internally consistent with mechanical engineering practice)","No named customer/product, no numeric tolerance given",
R039,2026-09-19,Global (China supplier),Exoskeleton/wearable robot,Custom exoskeleton robot components (case study),Exoskeleton OEM,Joint housing assembly; custom fit bracket,Housing; bracket,unknown,unknown (case-study level),unknown,unknown,unknown,unknown,unknown,"WayKen presents a dedicated 'Custom Manufacturing and Solutions with Exoskeleton Robot Components' case study, further evidencing China supplier specialization in this niche",unknown,WayKen (China) publishes a specific case study titled 'Custom Manufacturing and Solutions with Exoskeleton Robot Components.',https://waykenrm.com/case-studies/custom-manufacturing-and-solutions-with-exoskeleton-robot-components/,Manufacturer/vendor case study (China),unknown,low,fact (case-study existence only; full content not extracted this pass),"Full case-study detail (customer, parts, volumes) not extracted - flagged for follow-up read",
R040,2026-09-19,US,Maker/startup-built custom robot systems,Robotics startup hardware development - prototype part sourcing,Robotics/hardware startup engineering team,Various (whatever the startup's product requires),Various custom machined/printed parts,unknown (varies by part),"CNC machining and/or 3D printing, sourced via on-demand manufacturing marketplace",unknown,"Prototype (explicitly described as the prototype stage, with RFQ->quote->manufacture cycle)","Explicit: 'most programs require 1-3 design iterations before production approval; iteration is normal, not a failure signal'; a described industry practice of a 24-hour turnkey quote process for Engineering Change Notices (ECNs) between iteration rounds","One-off/iterative during prototype phase, transitioning toward repeat once production-approved",unknown (varies by part),unknown,"RFQ responses from traditional machine shops can take days before a further three-to-four-week prototype lead time; a prototype 'expected in days can easily take weeks - not because of production constraints, but because of delays in quoting, design iteration, manufacturability feedback, and supplier coordination' - a direct US quoting/coordination friction signal","A prototype expected in days can take weeks due to delays in quoting, design iteration, manufacturability feedback, and supplier coordination (not raw production time); most robotics/hardware programs require 1-3 design iterations before production approval, with iteration treated as normal.",https://www.fictiv.com/articles/prototyping-lead-time-process-timelines-and-how-to-reduce-delays,"Manufacturing marketplace technical/industry blog (Fictiv, US)",unknown,medium,fact (industry-practice claim from an on-demand manufacturing marketplace with direct visibility into this workflow),No specific startup named,Directly maps to the issue's required 'revision intensity' and 'US sourcing friction' columns for the startup/maker category
R041,2026-09-19,US,Maker/startup-built custom robot systems,Robot CAD-to-manufacturing RFQ workflow best practice,Robotics/automation engineering team preparing an RFQ,"unknown (process-level, not a specific assembly)",unknown,unknown,unknown,unknown,Prototype/early development (RFQ preparation stage),Explicit: recommends 'grouping revisions and assemblies correctly to avoid mixing different revisions in the same package' - direct evidence that revision-control is a recognized RFQ-quality problem in robotics,unknown,unknown,unknown,"Implied friction: without STEP-format standardization and correct revision grouping, CAD/CAM/engineering compatibility problems and quoting delays result","For robotics/automation RFQs, using STEP as the primary CAD exchange format improves compatibility between CAD, CAM, and engineering, and correctly grouping revisions and assemblies (not mixing different revisions in the same package) is called out as a specific best practice to avoid - implying this is a common real-world failure mode.",https://premsaindustries.com/en/resources/blog/cad-file-to-cnc-machining-quote,Manufacturer/vendor technical blog,unknown,low,fact (vendor claim/best-practice guidance),No robotics-specific example given,
R042,2026-09-19,EU (context; relevant as comparator to US/AU startup manufacturing friction),Maker/startup-built custom robot systems,Hardware startup prototype-to-production manufacturing support,Hardware/robotics startup,unknown,unknown,unknown,unknown,unknown,"Prototype to production, explicitly marketed as fast (3 days)",unknown,unknown,unknown,unknown,Implicit friction signal: the marketing claim itself ('prototype to production in 3 days') exists specifically because slow prototype-to-production turnaround is a recognized pain point for hardware startups,LS Manufacturing markets a 'prototype to production in 3 days' service specifically aimed at supporting European hardware startups' fast-paced development cycles.,https://www.eu-startups.com/2026/07/from-prototype-to-production-in-3-days-how-ls-manufacturing-supports-european-hardware-startups-in-their-fast-paced-development-sponsored,"Sponsored/trade press article (vendor-sponsored content, marked accordingly)",2026-07,low,"fact (marketing claim - explicitly sponsored content, treat cautiously)",Not US/AU-specific (EU); included as a comparator signal only,Sponsored article - flagged as vendor/marketing content per issue's instruction not to convert vendor claims into independent fact
R043,2026-09-19,US,Maker/startup-built custom robot systems,Robotics hardware startup transitioning from prototype to volume production (HEBI Robotics),HEBI Robotics (robotics component/actuator manufacturer),"Various (actuator/robotics components, 14,500 parts across multiple types)","Various (multiple part types across a 14,500-part production run)",unknown (multiple materials implied by mixed-process production),"CNC machining with multiple surface finishes + gear hobbing + Multi Jet Fusion (MJF) 3D printing + injection molding - explicitly multi-process, single supplier relationship",Multiple surface finishes required across the part set,"Production (14,500-part run) preceded by a prior period of supply-chain quality/cost/speed struggles",unknown,"Production/repeat - large multi-part production order, not one-off","Multi-process explicitly: CNC machining, gear hobbing, MJF 3D printing, and injection molding combined in a single sourcing relationship",unknown (Fictiv is a US-headquartered manufacturing marketplace; specific factory locations for this order not stated in the retrieved snippet),Direct US friction evidence: HEBI Robotics 'had previously passed up several hundred thousand dollar sales because they couldn't produce parts quickly enough' before consolidating sourcing through Fictiv's digital manufacturing ecosystem,"HEBI Robotics partnered with Fictiv to manufacture 14,500 parts using CNC machining with multiple surface finishes, gear hobbing, Multi Jet Fusion 3D printing, and injection molding; the company had previously passed up several hundred thousand dollars in sales because prior suppliers could not produce parts quickly enough, and consolidating through one digital-manufacturing source solved the quality/cost/speed tradeoff.",https://www.fictiv.com/case-studies/hebi-robotics,"Manufacturing marketplace case study (Fictiv, US) - customer case study, treat as vendor-published but naming a real, verifiable robotics company (HEBI Robotics)",unknown,medium,"fact (vendor-published case study naming a real, independently-verifiable robotics company; core business facts about HEBI Robotics are checkable)","Exact part list, materials, and China-vs-US manufacturing location breakdown not given","One of the strongest single records in the dataset: names a real robotics company, a concrete lost-sales friction number category (six-figure), and an explicit multi-process production requirement"
R044,2026-09-19,Global (China),Đa loại robot (cross-category),Custom-manufacturing prototype/low-volume sourcing generally (applies across all robot categories' RFQ pipeline),"n/a (manufacturing-capability signal, not a single buyer)",n/a,n/a,n/a,"CNC machining, turning, EDM, 3D printing, vacuum casting, injection molding - multiple processes co-located",unknown,Prototype and low-volume production both explicitly served,unknown,unknown,"Multi-process coordination explicitly evidenced: 'coating, plating, metrology, and assembly are often located within the same industrial cluster'","China's manufacturing hubs (Shenzhen, Dongguan, Suzhou) host 700+ rapid-prototyping manufacturers; the Shenzhen-Dongguan-Zhongshan cluster enables material sourcing, finishing, and secondary operations to be coordinated faster than dispersed Western supply chains; labor/overhead in the Guangdong corridor runs 30-60% lower than North America/Western Europe for comparable CNC/tooling work, with factories running multiple shifts to compress machine-queue times to days",Implicit comparator to US/AU: this same passage frames Western supply chains as more 'dispersed' and slower to coordinate multi-process jobs,"China's Shenzhen/Dongguan/Suzhou manufacturing hubs host 700+ rapid-prototyping manufacturers; the Guangdong cluster enables faster-than-Western coordination of material sourcing, finishing, and secondary operations, with labor/overhead 30-60% lower than North America/Western Europe and multi-shift operation compressing machine-queue times to days.",https://www.rpproto.com/blog/top-10-cnc-machining-services-company-in-china,"Manufacturer/vendor site (China, aggregator/marketing content)",unknown,low,"fact (vendor/marketing claim - cost/speed percentages are supplier-asserted, not independently verified)",No independent (non-vendor) verification of the 30-60% cost-advantage figure,Vendor-claimed cost figures kept as low-confidence per issue's no-fabrication rule; not converted into an independent 'fact'
R045,2026-09-19,Global (China),Đa loại robot (cross-category),Multi-process one-stop manufacturing for robotics prototyping (Shenzhen/Dongguan),n/a,n/a,n/a,n/a,"3- to 5-axis CNC machining, turning, EDM, 3D printing, vacuum casting, injection molding - all under one supplier",unknown,Prototype through low/medium-volume production explicitly offered,unknown,unknown,Multi-process explicitly - one supplier offering 6+ distinct processes under one roof,"HLH Rapid operates in both Shenzhen and Dongguan and offers 3-5 axis CNC machining, turning, EDM, 3D printing, vacuum casting, and injection molding as a single-supplier multi-process capability",unknown,"HLH Rapid, operating in Shenzhen and Dongguan, offers 3- to 5-axis CNC machining, turning, EDM, 3D printing, vacuum casting, and injection molding as an integrated multi-process manufacturing capability for prototype-through-low/medium-volume production.",https://hlhrapid.com/cnc-machining-services/,Manufacturer/vendor site (China),unknown,low,fact (vendor claim),No customer/volume/cost detail,
R046,2026-09-19,Global (China export QC context),Đa loại robot (cross-category),China export quality-control process for custom-manufactured hardware,n/a,n/a,n/a,n/a,n/a,"First Article Inspection (FAI) is a production-validation process verifying a new/modified production process produces conforming parts meeting engineering-drawing specs; staged inspection includes Initial Production Check (IPC, before mass production), During Production Inspection (DUPRO/DPI, ongoing), and Pre-Shipment Inspection (PSI, when goods are packed)",Production validation / pre-shipment stage,unknown,unknown,unknown,"China's export-QC ecosystem includes AQSIQ oversight and a standardized staged-inspection process (IPC -> DUPRO/PSI), plus comprehensive supplier audits covering manufacturing capability (shop floor/machinery review), quality-control procedures, and traceability/document review - direct evidence of export-ready QC/inspection capability",unknown,"China's export quality-control process for manufactured goods includes First Article Inspection (validating that a new/modified process produces conforming parts matching engineering drawings), Initial Production Check before mass production, During Production Inspection for ongoing monitoring, and Pre-Shipment Inspection when goods are packed; comprehensive supplier audits cover manufacturing capability, QC procedures, and traceability/document review.",https://www.qcadvisor.com/blog/china-quality-control-and-inspection/,Third-party QC/inspection service provider site (not the manufacturer itself - more independent than a factory's own claim),unknown,medium,"fact (process description from a third-party inspection-service provider, more credible than a factory's self-description)",No specific robotics-part example given,This directly answers the issue's 'export-ready/QC/inspection capability' China-fit question at the process level
R047,2026-09-19,Global (China export QC context),Đa loại robot (cross-category),Material certification and traceability for China-manufactured custom parts,n/a,n/a,n/a,n/a,n/a,"Material certifications with heat and lot traceability, used to verify correct materials were used and not substituted for lower-cost alternatives; ISO 9001 certification confirms an independently audited quality-management system scoped to a specific legal entity/site/service",unknown,unknown,unknown,unknown,China supplier audits explicitly check for material certificates with heat/lot traceability and ISO 9001 certification scope - direct evidence this capability exists and is independently checkable (not just a vendor's own claim),unknown,"Material certifications with heat and lot traceability are used in China supplier audits to ensure the correct materials were used and not substituted for lower-cost alternatives; ISO 9001 certification is independently audited and scoped to the specific legal entity, site, and service listed on the certificate (implying certification scope must be checked, not assumed).",https://insight-quality.com/services/china-quality-control-inspection/,Third-party QC/inspection service provider site,unknown,medium,fact,No specific robotics-manufacturer example named,Directly answers the issue's material-certificate/traceability technical-requirement question at the China-capability level
R048,2026-09-19,AU,Đa loại robot (cross-category),Australian CNC machining supplier explicitly serving industrial robot systems (as a domestic alternative to China sourcing),Industrial robot OEM/integrator in Australia,n/a (general capability),Industrial robot system components,Metal and plastic (general),CNC machining and cutting,unknown,unknown,unknown,unknown,unknown,"n/a (this is evidence of a domestic AU alternative, not China capability)","A Sydney-based CNC machining company (Robycs Technology) explicitly markets itself as supplying 'highly precise components and parts for industrial robot systems' - direct evidence that domestic AU CNC capacity for robotics exists, which is the baseline against which any AU sourcing-friction (capacity/cost/lead-time) claim must be read","Robycs Technology (Sydney) specializes in CNC machining and cutting services, offering highly precise components and parts for industrial robot systems and other assembly processes.",https://robycstechnology.com.au/cnc-machining-sydney/,Manufacturer/vendor site (AU),unknown,low,fact (vendor claim),No capacity/volume/pricing data to compare against China or US alternatives,Important baseline record: shows AU domestic robotics-CNC supply exists but (per other AU-friction rows) at small scale relative to demand
R049,2026-09-19,US,Đa loại robot (cross-category),US CNC machinist workforce shortage affecting custom-part production capacity generally (including robotics),n/a,n/a,n/a,n/a,n/a,n/a,n/a,unknown,unknown,unknown,n/a,"462,000 US manufacturing job openings reported in March 2026; up to 2.1 million manufacturing roles projected to go unfilled by 2030; median age of the American machinist is approaching 47; apprenticeship pipelines chronically underfunded for two decades; CNC shop owners report idle machines, delayed orders, rising labor costs, and overworked senior machinists","462,000 US manufacturing job openings were reported in March 2026, with up to 2.1 million manufacturing roles projected unfilled by 2030; the median age of American machinists is approaching 47, and CNC shop owners report idle machines and delayed orders as a direct result of the labor shortage.",https://www.cloudnc.com/blog/cnc-machinist-hiring-crisis-2026,Manufacturing-software vendor blog (CloudNC) citing labor-market statistics,2026,medium,"fact (statistics likely sourced from BLS/industry associations by the blog, but not independently re-verified this pass - kept at medium confidence)","Original primary source (e.g., BLS/NAM) not directly queried this pass - flagged for follow-up",Directly answers the issue's 'workforce shortage' US friction requirement
R050,2026-09-19,US,Đa loại robot (cross-category),"US reshoring demand colliding with machinist shortage, constraining custom-part capacity",n/a,n/a,n/a,n/a,n/a,n/a,n/a,unknown,unknown,unknown,n/a,"The reshoring boom is described as 'colliding with' the machinist shortage, meaning increased demand for domestic (non-China) precision manufacturing is running into a workforce-constrained supply of shops able to take on new work - a direct capacity-shortage friction relevant to robotics OEMs trying to source domestically","Increased US reshoring demand for precision manufacturing is colliding with the ongoing machinist shortage, constraining the capacity of US precision-machining shops to absorb new custom-part work.",https://egm-mfg.com/reshoring-machinist-shortage-precision-machining/,Manufacturer/industry blog (US precision machining company),unknown,low,"inference/fact mix (industry-participant commentary, directionally consistent with the CloudNC labor statistics above but itself not a primary data source)",No quantified capacity-gap figure in this specific source,
R051,2026-09-19,US,Đa loại robot (cross-category),US tariffs on China-origin robotics/automation components reshaping sourcing decisions,n/a,n/a,n/a,n/a,n/a,n/a,n/a,unknown,unknown,unknown,unknown,"In early 2025 the US imposed a 145% tariff on imports from China (specific product scope not detailed in this source), with China imposing a 125% retaliatory tariff on US goods; tariffs are described as introducing 'procurement concerns and significant unpredictability into the cost structures of robotics parts manufacturing, such as semiconductors and sensors'","In early 2025 the US imposed a 145% tariff on China-origin imports, with China retaliating at 125% on US goods; tariffs have introduced procurement concerns and cost-structure unpredictability specifically for robotics-parts manufacturing (semiconductors and sensors cited as examples).",https://www.automation.com/article/how-tariffs-are-reshaping-robotics-sourcing-and-what-to-do-about-it,Industry trade publication,unknown (references early-2025 tariff events),medium,fact,Not custom-manufacturing-specific (focused on components/semiconductors more than custom mechanical parts); tariff rates change frequently and should be re-verified at time of use,"Tariff figures are volatile - flagged as time-sensitive, verify current rate before relying on this number operationally"
R052,2026-09-19,US,Đa loại robot (cross-category),US Section 301 tariff on China-origin industrial robots,n/a,n/a,n/a,n/a,n/a,n/a,n/a,unknown,unknown,unknown,unknown,"Chinese-origin industrial robots face a 25% additional duty under Section 301 tariffs on the customs (CIF) value, per a robotics import/customs guide","Chinese-origin industrial robots face a 25% additional duty under current US Section 301 tariffs, calculated on customs (CIF) value.",https://www.evsrobot.com/import-industrial-robots-from-china-shipping-customs-guide.html,Logistics/customs-broker vendor site,unknown,low,"fact (vendor/broker claim, tariff rates should be independently verified as they change)","Applies to finished industrial robots, not necessarily custom mechanical sub-components sourced separately - scope distinction flagged",
R053,2026-09-19,AU,Đa loại robot (cross-category),Australian robotics/automation import dependence and BOM cost structure,n/a,n/a,n/a,n/a,n/a,n/a,n/a,unknown,unknown,unknown,unknown,"85-90% of mobile robot units in the AU/Oceania market are sourced from overseas manufacturers (Europe, North America, increasingly China), entering via specialized distributors/system integrators; imported component prices (LiDAR sensors, onboard computers, battery packs) represent 40-50% of base-unit BOM cost; manufacturing lead time for standard robots is cited as 45-60 days from order confirmation plus 30-45 days sea freight (to European ports in this source's example)","85-90% of mobile robot units in the Australia/Oceania market are sourced from overseas manufacturers; imported components (LiDAR, onboard computers, battery packs) represent 40-50% of base-unit BOM cost; cited lead time is 45-60 days manufacturing plus 30-45 days sea freight.",https://www.indexbox.io/store/australia-and-oceania-mobile-robot-base-units-market-analysis-forecast-size-trends-and-insights/,"Market research report (paid/aggregator, summary-level access only)",unknown,low,"fact (market-report figures, not independently re-verified, and freight lead time example was to European ports, not explicitly AU ports - flagged)",Freight lead-time figure not confirmed AU-specific,
R054,2026-09-19,AU,Đa loại robot (cross-category),Australian manufacturing sector structural constraints on domestic robotics/automation capability,n/a,n/a,n/a,n/a,n/a,n/a,n/a,unknown,unknown,unknown,unknown,"Nearly 90% of Australian manufacturing capacity is dominated by small businesses; AU manufacturing employment fell by 8,700 workers (-1%) year-over-year to February 2026; the sector faces reliance on imported equipment, supply-chain disruptions, and skilled-labour shortage; AU sits below the global average of 132 robots per 10,000 manufacturing employees, with the gap widening","Nearly 90% of Australian manufacturing capacity is small-business-dominated; manufacturing employment fell 8,700 workers (-1%) year-over-year to February 2026; Australia's robot density (132 robots/10,000 employees global average) sits below the global average, with the gap widening, alongside structural reliance on imported equipment and a skilled-labour shortage.",https://www.manmonthly.com.au/a-roadmap-for-robotics-to-enhance-australias-modern-manufacturing-capabilities/,"Trade publication (Manufacturers' Monthly, AU)",unknown,medium,fact,Robot-density figure's exact source citation (IFR) not independently re-checked this pass,
R055,2026-09-19,AU,Đa loại robot (cross-category),Australian import/customs process for manufacturing equipment and machinery,n/a,n/a,n/a,n/a,n/a,n/a,n/a,unknown,unknown,unknown,unknown,"If machinery is not locally manufactured in Australia, importers may be eligible for a Tariff Concession Order (TCO) to reduce/eliminate duty; the Australian Border Force (ABF) has increased audits of HS classifications and component-level valuations, with complex machinery including control systems/electronics requiring careful customs assessment - a direct certification/inspection/customs-burden friction signal","Australian importers of non-locally-manufactured machinery may apply for a Tariff Concession Order (TCO) to reduce or eliminate import duty; the Australian Border Force has increased audits of HS tariff classifications and component-level valuations, with complex machinery requiring careful customs assessment.",https://controlgl.com/blog/importing-manufacturing-equipment-into-australia-complete-guide/,Logistics/customs guide (industry service provider),unknown,medium,fact,No primary Australian Border Force tariff-schedule citation located this pass (consistent with the same gap flagged in the #8/#10 dataset),Cross-references known gap from prior research pass; still unresolved
R056,2026-09-19,AU,Đa loại robot (cross-category),Australian manufacturing automation adoption context (2026 outlook),n/a,n/a,n/a,n/a,n/a,n/a,n/a,unknown,unknown,unknown,unknown,"Structural challenges cited include reliance on imported equipment, supply-chain disruptions, and a shortage of skilled labour influencing production capacity and investment decisions","Australian manufacturing automation adoption in 2026 is framed against structural challenges of imported-equipment reliance, supply-chain disruption, and skilled-labour shortage.",https://fast-automation.com/blog/post/manufacturing-automation-australia-2026,Industry/vendor blog (AU automation integrator),2026,low,"fact (vendor/industry blog framing, directionally consistent with other AU sources)",No new quantitative data beyond what other AU rows already carry,
R057,2026-09-19,US,Đa loại robot (cross-category),MRO / spare-part replacement for automation and robotics equipment,Equipment operator/maintenance team,n/a (varies),Reverse-engineered replacement part (obsolete/legacy),unknown,CNC machining (reverse-engineered from CAD model and/or physical part),Production-grade tight tolerances matched to OEM quality standards,Replacement/repair stage explicitly (not prototype or new production),unknown,"Repeat/replacement signal is the defining characteristic of this row - MRO parts exist specifically because original equipment ages and needs replacement, especially where the OEM no longer supports the part",unknown,unknown,"Emergency MRO situations are explicitly called out as needing fast (days-scale) turnaround, implying normal-channel lead times are a real pain point being solved for","Custom or machine-specific MRO parts are particularly needed for older/legacy equipment where the original manufacturer no longer provides support; custom CNC-machined parts can often be reverse-engineered and shipped in a matter of days for emergency MRO situations, with manufacturers producing spare parts to OEM-equivalent quality standards from CAD models and/or prints.",https://www.boona-prototypes.com/mro-cnc-machining-obsolete-parts/,Manufacturer/vendor blog,unknown,low,fact (vendor claim),Not robotics-specific by name (general industrial MRO); applied by direct relevance since robots are industrial equipment subject to the same MRO dynamics,"Directly answers the issue's 'replacement/spare/repair' lifecycle-stage requirement, which is otherwise thin across the dataset"
R058,2026-09-19,US,Exoskeleton/wearable robot,Medical/rehabilitation exoskeleton (Ekso Bionics flagship suit),Hospital/rehabilitation clinic (medical exoskeleton) - real named product line,Load-bearing frame; joint housing assembly,Frame member; joint housing,Aluminum and titanium (named: the flagship Ekso model is described as a 50-pound aluminum-and-titanium suit),"unknown (specific process not detailed in this source, though aluminum/titanium structural parts in this weight/strength class are consistent with CNC-machined or machined+welded frame construction per other rows in this dataset)",unknown,"Production (commercial medical device, sold/leased to hospitals since 2005)",unknown,Production/repeat - Ekso Bionics has manufactured exoskeleton devices commercially since 2005,unknown,unknown,unknown,"Ekso Bionics' flagship Ekso model is a 50-pound aluminum-and-titanium exoskeleton suit; the company has developed and manufactured exoskeleton bionic devices since 2005 for soldiers, patients, and workers.",https://slate.com/technology/2013/03/robotic-exoskeletons-ekso-bionics-builds-a-real-life-iron-man.html,Journalism/general press (Slate),"2013 (historical, company still operating per Wikipedia/company site)",medium,fact,"No supplier, process, or tolerance detail; weight and material named but not manufacturing route","Real, named, long-operating commercial exoskeleton company - useful as a concrete US OEM anchor for this category even though process detail is thin"
R059,2026-09-19,US,Service robot,"Hospital mobile-manipulator service robot (Moxi, Diligent Robotics)",Hospital (healthcare system) - Moxi sold on a subscription/service model,Custom EOAT/gripper structure; chassis/mobile-base assembly,Two-finger gripper; 7-degree-of-freedom arm structure; mobile base chassis,unknown,unknown (not detailed in this source),unknown,"Production (Moxi 2.0 upgraded units shipping to hospitals in first half of 2026, per source)",Revision-intensity signal: Moxi 2.0 represents a named hardware revision cycle of an already-deployed commercial platform,"Repeat/production - subscription-based fleet deployment across multiple hospitals, not one-off",unknown,unknown,unknown,"Moxi (Diligent Robotics) consists of a mobile platform plus a humanoid upper body with a 7-degree-of-freedom arm and a two-finger gripper; Diligent offers Moxi as a subscription service to hospitals, and Moxi 2.0 (an upgraded hardware revision) is scheduled to ship to hospitals in the first half of 2026.",https://www.therobotreport.com/diligent-robotics-moxi-2-0-mobile-manipulator-built-for-ai/,Industry trade publication (The Robot Report),unknown (references 2026 H1 shipment),high,fact,"No manufacturing process/material/supplier detail for the gripper, arm, or chassis - flagged as an open gap for this category","Real named US service-robot OEM with a documented hardware-revision cycle (Moxi -> Moxi 2.0); custom-part-level manufacturing detail not found this pass despite searching - genuine gap, not silently treated as complete"
R060,2026-09-19,US,Service robot,"Hospital courier/delivery robot (TUG, Aethon)",Hospital (healthcare facility) - TUG sold (not subscription) to hospitals per source,Chassis/frame assembly (mobile courier cart form factor),Frame/body structure,unknown,unknown,unknown,"Production (established commercial product, sold to hospitals)",unknown,Production/repeat (fleet deployment across many hospitals implied by long-running commercial product status),unknown,unknown,unknown,"Aethon's TUG is an automated hospital courier robot that delivers and tracks instruments, medications, meals, and lab specimens; unlike Diligent's subscription model, Aethon sells its machines directly to hospitals.",https://www.seattlemet.com/health-and-wellness/2023/10/hospital-robots-nurses-health-care-moxi,Journalism/general press (Seattle Met),2023-10,medium,fact,No chassis/frame material or manufacturing-process detail located this pass,
R061,2026-09-19,AU,Mining/autonomous haulage,Battery-electric haul truck pilot/trial (Cat 793 XE Early Learner),"BHP + Rio Tinto (joint trial), Caterpillar as OEM","Battery enclosure (implied by 'battery-electric' powertrain, not itemized in source); truck structure",unknown (specific custom parts not itemized in source),unknown,unknown,unknown,"Pilot/trial stage explicitly - 'Early Learner' trucks, >100 hours operation and 200+ test laps logged, safety-validated at Caterpillar's Tucson Proving Ground (US) before shipping to the Pilbara (AU) for operating-condition testing",unknown,"Pilot (2 trucks), not yet production-scale",unknown,unknown,unknown,"BHP, Rio Tinto and Caterpillar are trialling two Cat 793 XE 'Early Learner' battery-electric haul trucks (240-tonne class) at BHP's Jimblebar iron-ore mine in the Pilbara; the trucks completed safety validation and controlled testing at Caterpillar's Tucson Proving Ground (US) before being delivered to the Pilbara for operating-condition testing, logging 100+ hours and 200+ test laps; the trial is generating data on technical readiness, infrastructure requirements, and commercial viability.",https://www.bhp.com/news/media-centre/releases/2025/12/bhp-and-rio-tinto-welcome-first-caterpillar-battery-electric-haul-trucks-to-the-pilbara,"Company press release (BHP, primary source)",2025-12,high,fact,"No battery-enclosure, sensor-mount, or other custom-part-level manufacturing detail disclosed - this remains a program/pilot-level record only, consistent with this category's overall thin custom-part evidence flagged in the coverage audit",Cross-border US-proving-ground-to-AU-operation pattern is itself a notable RFQ-shape signal even without part-level BOM detail
R062,2026-09-19,US,Exoskeleton/wearable robot,"Industrial full-body powered exoskeleton (Sarcos Guardian XO, alpha units)",Industrial end user (aerospace/construction/defense/logistics/manufacturing) - Sarcos as OEM,Custom fit bracket / task-specific attachment; load-bearing frame,Bolt-on extruded-aluminum attachment (customized per task),Extruded aluminum,"Bolt-on modular attachment (extrusion-based, not full custom machining) - explicitly chosen to reduce cost/complexity on alpha units",unknown,Alpha/early production stage explicitly named,Direct revision-intensity signal: 'a choice was made to keep the cost and complexity of the alpha units down by having bolt-on extruded aluminum attachments customized to the task at hand' - shows a deliberate design decision trading full custom machining for lower-cost customizable extrusions at the alpha stage,unknown,"Single-process-leaning (extrusion + bolt-on assembly) at this stage, contrasted with more complex approaches implied for later production stages",unknown,unknown,"Sarcos Robotics' Guardian XO full-body exoskeleton lets users lift/manipulate up to 200 lbs; for alpha units, the company chose bolt-on extruded-aluminum attachments customized to the task at hand specifically to keep cost and complexity down, rather than fully custom machined parts.",https://exoskeletonreport.com/2019/12/guardian-xo-alpha-up-close-and-personal-with-the-sarcos-robotics-full-body-powered-exoskeleton/,Industry trade publication (Exoskeleton Report),2019-12,medium,fact,No later-stage (post-alpha/production) manufacturing detail found this pass,Rare direct evidence of a lifecycle-stage-driven process/material decision (alpha stage -> simpler customizable extrusion vs. full custom machining)
R063,2026-09-19,AU,Agriculture robot,"Modular agricultural robot platform, customizable per farm task (SwarmFarm SwarmBot)",Australian farms (200+ robots sold across Australia),Chassis/frame assembly (customizable mounting frame),Frame; task-specific mounted implement interface,unknown,"unknown (manufactured at SwarmFarm's own Toowoomba, Queensland facility)",unknown,Production - 200+ units built and sold to Australian farms from the Toowoomba manufacturing facility,"Explicit: 'the way robots can be used is only limited by what can be mounted on the frame,' and SwarmBot 5 is 'not fixed in design' and can be customized for different applications (mowing/pruning in orchards vs. broadacre cropping) - a direct multi-use-case customization/revision signal","Repeat/production (200+ units, ongoing manufacturing facility) though each unit's mounted-implement configuration may be customized per customer/task",unknown,unknown,unknown,"SwarmFarm Robotics, founded 2015 in Queensland, has built and sold 200+ robots to Australian farms from its Toowoomba manufacturing facility; the robot frame is designed so usage is 'only limited by what can be mounted on the frame,' and SwarmBot 5 is explicitly not a fixed design, customizable for applications like orchard mowing/pruning versus broadacre cropping; Harness Master NSW is SwarmFarm's preferred supplier for electrical design and manufacturing.",https://harnessmasternsw.com.au/case_study/swarmfarm-robotics-collaborates-with-experts/,"Supplier case study (Harness Master NSW, AU) + company site",unknown,medium,fact,"Chassis material/manufacturing-process detail (steel grade, welding vs. machining) not disclosed in sources found this pass","Strongest AU-domestic agriculture-robot manufacturing anchor found (real company, real AU factory location, real unit count, named supplier relationship)"
R064,2026-09-19,Global (vendor),AMR/warehouse/logistics,AMR/AGV LiDAR and camera sensor mounting,AMR/AGV robot OEM or integrator,Sensor/camera mount assembly,Sensor mounting bracket (LiDAR/camera),"Aluminum 6061-T6, Magnesium Alloy, Steel 4140","Precision machining, with viscoelastic damping materials or tuned mass dampers integrated into the bracket assembly for vibration isolation",Precision tolerance ~+/-0.02mm for camera mounting; requirement for uniform contact surfaces via precision machining to eliminate micro-movements that disrupt focal stability during high-speed operation; accurate spatial positioning relative to the robot's coordinate system is called out as critical for machine-vision calibration/3D reconstruction accuracy,unknown,unknown,unknown,Multi-process (precision machining + damping-material integration),unknown,unknown,"Custom AMR/AGV LiDAR and camera mounting brackets are commonly machined from Aluminum 6061-T6, Magnesium Alloy, or Steel 4140 to precision tolerances around +/-0.02mm, with viscoelastic damping materials or tuned mass dampers integrated to reduce vibration-induced sensor noise, since accurate spatial positioning relative to the robot's coordinate system is critical for machine-vision calibration and 3D reconstruction accuracy.",https://frigate.ai/en-lu/product/robotic-vision-camera-bracket/,Manufacturer/vendor product page,unknown,low,"fact (vendor claim, but tolerance/material detail is specific and consistent with related rows in this dataset)",No named customer,Sensor/camera mount assembly is explicitly named in the issue's list of custom assemblies; this row supplies the technical-requirement detail for it
R065,2026-09-19,"Global (industry-general, applies across all categories)",Đa loại robot (cross-category),Prototype-to-low-volume manufacturing process selection for custom robot parts,n/a,n/a,n/a,n/a,3D printing (additive) vs. CNC machining (subtractive) - explicit volume-based decision framework,unknown,"Direct lifecycle-stage-to-process mapping: 3D printing is described as the best choice for 1-10 unit runs (lower per-unit cost at low setup), while CNC machining becomes cost-effective at 50+ units as setup costs amortize; CNC also generally offers tighter tolerances and better surface finish where precision is required",unknown,unknown,unknown,unknown,unknown,"For low volumes of 1-10 units, 3D printing is generally the most cost-effective choice due to minimal setup requirements; CNC machining becomes the cost-effective choice at higher volumes (50+ units) as setup costs amortize, and CNC generally offers tighter tolerances and better surface finish for parts requiring high precision.",https://www.zintilon.com/blog/cnc-milling-vs-3d-printing-in-low-volume-production/,Manufacturer/vendor technical blog,unknown,medium,"fact (vendor-stated but a widely-consistent industry rule of thumb, corroborated by multiple similar sources found this pass)","Thresholds (1-10 vs 50+) are rules of thumb, not tied to a specific robotics case","Directly answers the issue's required 'prototype/low-volume/production stage' -> process-selection linkage at a general level, applicable to every robot category's custom parts"
