page_or_intent_a,page_or_intent_b,overlap_reason,SERP_overlap_evidence,decision,rationale
OBJ17 LiDAR mount (candidate),OBJ16 Sensor/camera mount,Both are precision sensor-mounting brackets/housings with similar tolerance/design content,"Q034 ('custom LiDAR mount bracket manufacturer machining') returned no dedicated LiDAR-specific manufacturer content - only generic bracket guides and consumer LiDAR accessories, while Q033 (sensor/camera mount) returned a large specialist cluster (zintilon, cnctal, rivcut, dekmake)",merge,"No demonstrated distinct search intent for LiDAR alone; merged into one 'sensor/camera/LiDAR mount' object page (OBJ16) to avoid a thin, unsupported page."
INT-03 Harmonic reducer/drive housing,INT-01 Robot joint housing / INT-02 Robot actuator housing,"Harmonic-drive housings are usually machined as an integral part of, or immediately adjacent feature to, joint/actuator housings","Only 2 clearly dedicated harmonic-drive-housing competitor pages found (ptsmake, Core77/RMT) vs. a large cluster for joint/actuator housing (10+ pages across Q001-Q006)",parent-child,Keep harmonic reducer housing as a child page nested under joint housing and actuator housing rather than a fully independent top-level nav item; promote to standalone only if traffic/evidence justifies it later.
INT-05 Bearing housing/seat,INT-01/INT-02 Joint & actuator housing,"Bearing seats are frequently machined as an integrated feature WITHIN a joint or actuator housing, not as a separate physical part",zintilon.com and vmtcnc.com both cover bearing-housing content adjacent to (and sometimes on the same page family as) their joint/actuator-housing content,parent-child,"Bearing housing/seat stays a distinct page (real standalone market exists - Kaydon, GMN, CCTY, zintilon) but is explicitly cross-linked as a companion topic to joint/actuator housing pages, and covers BOTH the standalone-part and integrated-feature cases."
INT-P01 Prototype-to-production machining (Q037),INT-P01 source query Q047 ('prototype to production robot parts manufacturer'),Both queries returned a near-identical competitor set,"3ERP, Fictiv, Xometry, DakingsRapid, Premium Parts and related /robotics/ industry pages appeared in BOTH Q037 and Q047 result sets",merge,"Confirmed same underlying search intent by direct SERP-overlap evidence; merged into one page (PRB_A) rather than two, avoiding direct cannibalization."
OBJ20 Prototype multi-part assembly,PRB_A Prototype-to-production machining,Both address prototype-stage manufacturing for robot programs,Q037 (which informs both) uses general prototype/low-volume language without a distinct 'multi-part kit' sub-intent independently confirmed in search,parent-child,"Keep OBJ20 as a child of PRB_A, scoped narrowly to the BOM/kitting/multi-part-fit workflow (a distinct buyer action: submitting several mating parts together) rather than duplicating PRB_A's general prototype-to-production content."
APP09 Startup/R&D robot builders,PRB_A Prototype-to-production machining,"Same underlying service (prototype/low-volume manufacturing), different buyer-persona framing (startup/R&D team vs. general robot program)","Q037's own results use startup/R&D-oriented language (single prototypes, no minimum order requirements) within the same competitor set as PRB_A",parent-child,"Keep APP09 as a persona-focused landing page (messaging: speed, low MOQ, single point of contact) that links into PRB_A for technical/process depth, rather than duplicating content."
INT-A02 Cobot custom parts (candidate),INT-A04 Industrial robot arm custom parts,Cobots are a sub-category of collaborative/industrial robot arms; no independently distinct SERP content found for cobot-specific custom parts,"Q038 ('cobot custom parts manufacturer CNC machining') was dominated by the OPPOSITE intent (cobots tending CNC machines) and returned only 1-2 marginally relevant robotics-CNC generalist pages (RivCut, cobotmfg.com)",parent-child,Launch cobot content as a section within the industrial-robot application page (APP04); do not build cobot as a standalone top-level page until a follow-up search pass finds distinct evidence.
"INT-A03 AMR custom parts (literal phrase, Q039)",INT-14 Robot chassis (Q030/Q031) / INT-A03 reframed as chassis-led,"The literal phrase 'AMR custom parts' has zero distinct SERP identity, while 'AMR chassis manufacturer' and 'custom AMR chassis welded frame manufacturer' do have real evidence","Q039 returned entirely generic on-demand CNC marketplaces (eBay, Xometry, PCBWay, eMachineShop) with zero AMR-specific content; Q030/Q031 returned real AMR-specific manufacturers (Oneway Robot, Wisdometal, Fdata, REEMAN)","separate (reframe, not merge)","Do not target the literal 'AMR custom parts' phrase anywhere; the AMR application page (APP03) should be built and titled around the chassis-led framing that DOES have evidence, with OBJ14 (chassis) as its primary child."
OBJ13A Battery enclosure (mechanical),INT-EXC-03 Full battery-pack manufacturing (excluded),"Both are found under a 'battery enclosure manufacturer' style query, but serve completely different supplier verticals","Q028 returned entirely full battery-PACK OEMs (Bonnen, Apex Mobile Power, HYXin, KRL, LARGE, PKNERGY) doing cell selection + BMS + enclosure, not mechanical-housing-only shops",separate (with explicit scope disclaimer),"OBJ13A must be published with an explicit 'mechanical housing only, not cell/BMS integration' statement above the fold to avoid misrepresenting capability and attracting the wrong RFQ type; do not attempt to also serve the full-battery-pack buyer."
OBJ13A Battery enclosure (mechanical),OBJ13B Electronics enclosure machining,"Both are mechanical-housing-only machining pages for onboard hardware, differing mainly in the specific payload (battery vs. general electronics)","Q029 (electronics enclosure) returned a cleanly distinct specialist cluster (Protocase, JLCCNC, Polycase, CNCTAL, Falcon CNC Swiss) with zero overlap with Q028's battery-pack-OEM cluster",separate,Keep as 2 distinct object pages since the underlying SERPs for the CORRECTLY-SCOPED mechanical framing are different specialist clusters (or at least evidence doesn't show overlap for OBJ13B); cross-link them for the common 'mechanical enclosure machining' theme.
OBJ06 Motor mount (bare phrase),Hobby/FRC-competition robotics retail,"Bare 'robot motor mount manufacturer' collapses into maker/education/competition retail, not industrial RFQ buyers","Q014 returned VEX Robotics, REV Robotics/goBILDA, RobotShop, SuperDroid, FingerTech - all hobby/FRC component retailers, zero industrial CNC job shops","separate (avoid the contaminated query, target the qualified one)",OBJ06's page must never use the bare phrase as its H1/title target; always pair with 'custom CNC machining' to stay in the industrial-RFQ SERP segment (as seen in Q013).
OBJ07 Bracket/mounting adapter (bare phrase),Hobby/FRC-competition robotics retail,Bare 'robot bracket' collapses into FIRST Robotics Competition documentation and hobby retail,"Q017 (negative-control search for bare 'robot bracket') returned docs.revrobotics.com, robotshop.com, revrobotics.com, bracketbot.com - zero industrial CNC content","separate (avoid the contaminated query, target the qualified one)","Confirms the same pattern as motor mount (Q014) - OBJ07 must target 'custom CNC machining' framing (as in Q016), never the bare noun phrase."
OBJ14 Robot chassis,"Full AMR/robot-OEM platform sellers (Fdata, REEMAN, Oneway Robot)","Both rank for 'robot chassis manufacturer', but serve different buyer types: fabricate-to-my-drawing vs. buy-a-finished-white-label-robot","Q030 mixed fabrication shops (Fictiv, LS Manufacturing, HSJ Fabrication) with full AMR/robot OEM/ODM sellers (Fdata, REEMAN) in the same result set","separate (disambiguate in-page, not a page-vs-page conflict)","Not a 2-page cannibalization issue - OBJ14's own copy must state clearly, above the fold, that this is fabrication-to-your-design, not a white-label robot platform, to avoid attracting/ranking for the wrong buyer within the same page."
OBJ14 Robot chassis (welded-frame framing),Automotive aftermarket chassis builders,"Generic 'chassis' + 'welded frame' + 'manufacturer' pulls in automotive/race-car/hot-rod chassis fabricators, an unrelated vertical","Q031 returned Art Morrison Enterprises, Auto Weld Chassis, McLaughlin Body Co. (race-car/street-rod chassis) alongside the 2 genuine robotics hits (Oneway Robot, Wisdometal)","separate (query hygiene, not a page decision)","Keep 'robot'/'AMR' explicit in title, H1, and body copy throughout OBJ14 to avoid diluting topical relevance with automotive-chassis content."
OBJ11 Structural/arm link parts,APP04 Industrial robot arm custom parts / OBJ01 joint housing / OBJ07 bracket,"Generalist CNC job shops bundle structural links into one broad 'custom robot parts' page rather than giving it a dedicated page; RivCut is the only competitor with a link-specific page, and it runs the SAME page templated across many cities","Q024 returned mostly bundled generic robotics-CNC pages (rivcut.com/robotics, cnc-explore.com, cnctal.com, yycncmachining.com, zscncparts.com) rather than link-specific content; Q025 showed RivCut's identical page repeated for Chicago/Sacramento/Des Moines",parent-child,"Keep OBJ11 as a lighter hub-style page under APP04, cross-linking to OBJ01/OBJ05/OBJ07 for deep technical content; explicitly do NOT replicate RivCut's city-by-city permutation pattern - that is the exact failure mode the issue warns against."
APP04 Industrial robot arm custom parts (broad),"Giant platforms: Xometry, Fictiv, Hubs/Protolabs Network","The broad umbrella phrase is already owned at the top by well-funded, SEO-mature aggregator platforms with dedicated /robotics/ vertical pages","Q040 top results: xometry.com/robotics/, fictiv.com/robotics, hubs.com/industries/robotics-automation/ - all scaled multi-industry platforms, ahead of any single specialist shop",defer (as a primary SEO target),"Build APP04 as a necessary site-architecture hub/navigation page, but do not expect or optimize it to outrank Xometry/Fictiv/Hubs on the broad term; primary acquisition value comes from the object-page children ranking on narrower, less-contested long-tail queries."
PRB_E Sourcing/qualifying a China CNC partner,Broad 'custom manufacturing RFQ CAD quote China supplier' commercial phrase,"Both relate to sourcing from China, but one is genuinely informational (how-to) and the other is commercial (get-a-quote-now), and the commercial framing is unambiguously giant-platform-dominated","Q050 top results: Alibaba (200,000+ suppliers cited), Xometry RFQ page, Haizol (300,000+ users cited), MFG.com - a clean sweep of large B2B platforms for the commercial framing; genuine informational content (xtjcnc RFQ-template guide, cncprecision.tech how-to-choose guide) also appears but is secondary","separate (scope discipline, not a 2-page merge)",PRB_E must stay scoped to the informational/how-to angle and never attempt to rank on the broad commercial RFQ phrase directly; it funnels readers to object pages for the actual commercial RFQ action.
"INT-EXC-04 Robot-parts inspection/CMM (standalone, rejected)",All object pages (as a trust/proof section),No distinct standalone search intent found for 'robot parts inspection CMM report manufacturer',"Q046 was dominated by CMM EQUIPMENT vendors (Keyence, Hexagon) and robotic-CMM-tending automation content, not a 'robot-parts inspection service' buyer intent","merge (into existing pages, not a standalone page)",Fold sample inspection-report/CMM content into each object page as a trust/proof section rather than building a standalone inspection page with no supporting search evidence - explicitly NOT recommended as a pilot page.
APP08 EOAT & automation tooling hub,OBJ09 EOAT tooling plate & parts,Both cover EOAT-related manufacturing; risk of the hub duplicating the object page's content,"Q020/Q021 (which ground OBJ09) show a mature, purely specialist cluster (EOAT Machining, EMI Corp, CRG, Millibar) already organized around SPECIFIC part types (tooling plates, tool-changer plates, vacuum manifolds), not a generic 'tooling hub' concept",parent-child (monitor for merge),"APP08 must stay at the system/cell-integration level (how tooling+fixtures+gripper fit together in one cell) while OBJ09/OBJ08/OBJ19 own the specific-part content; if APP08 cannot sustain genuinely distinct content, merge it into OBJ09 rather than publish a thin duplicate."
OBJ12 Enclosure/shell (bare object+manufacturer framing),Alibaba product-detail page,Bare 'custom robot enclosure shell manufacturer' surfaces a direct Alibaba product listing in organic results,Q026 top results included https://www.alibaba.com/product-detail/Custom-large-robot-shell-manufacturer-Vacuum_1600423482002.html ranking directly,"separate (query hygiene, not a page decision)","Target the process-qualified phrasing ('sheet metal robot enclosure fabrication', per Q027) rather than the bare object+manufacturer phrasing where a giant marketplace already ranks organically."
