ID,Loại robot,RFQ family,Custom part,Critical interface,Critical tolerance,GD&T,Assembly requirement,Source URL,Confidence
R001,Humanoid/general-purpose,precision CNC housing,"Harmonic-drive circular-spline housing (generic joint housing, not tied to a named OEM part)",Circular-spline bore / flexspline-wave-generator bearing interface (harmonic-drive gear seat),Housing bore for 70 mm circular spline: H7 = +0.030/+0.000 mm; mating shaft: h6,"unknown (fit class given, not a GD&T callout)","Bore must not be oversized (spline walks under load) or undersized (spline deforms, ruins gear performance)",https://www.harmonicdrive.net/_hd/content/catalogs/pdf/csf-csg.pdf,documentation_verified
R002,Humanoid/general-purpose,precision CNC housing,Upper-arm output flange; structural frame members (silver machined parts observed in teardown),Output flange (actuator-to-limb structural interface),unknown,unknown,unknown,https://humanoid.guide/unitree-g1-teardown-reveals-actuator-and-cooling-tradeoffs/,documentation_verified
R003,Cobot/industrial arm/machine tending,precision CNC housing,Joint housing / arm tube transition,Joint-housing-to-arm-tube structural interface,unknown,unknown,unknown,https://www.universal-robots.com/products/ur20/,supplier_marketing
R004,Maker/startup-built custom robot systems,precision CNC housing,Finger frame; proximal phalanx; MCP joint part; joint shafts,Joint pin bore (finger articulation pivot),±0.005 mm machining tolerance capability cited for the build,unknown,unknown,https://pmc.ncbi.nlm.nih.gov/articles/PMC11275007/,documentation_verified
R005,AMR/warehouse/logistics,bracket/mount/adapter,LiDAR bracket; stereo camera housing; force/torque sensor adapter; encoder mount,Sensor mounting face (alignment/calibration-critical),±0.0005 in on critical features (vendor-stated),unknown,unknown,https://www.rivcut.com/cnc-machining/houston/robotics/sensor-mounts/,supplier_marketing
R007,Service robot,bracket/mount/adapter,Sensor/vision-camera mounting bracket,Camera/sensor mounting face,unknown,unknown,unknown,https://frigate.ai/product/robotic-vision-camera-bracket/,supplier_marketing
R008,Exoskeleton/wearable robot,bracket/mount/adapter,Frame member; actuator mounting bracket,Actuator mounting bracket interface (motor torque transfer point),unknown,unknown,unknown,https://www.ucf.edu/pegasus/power-move-onyx-exoskeleton/,"documentation_verified (Onyx materials, UCF); supplier_marketing (bracket/tolerance generalization)"
R009,AMR/warehouse/logistics,welded frame/chassis,Chassis frame (laser-cut panels + weld),Wheel-mount / drive-unit mounting interface (chassis torsional stiffness affects sensor alignment per case study),Welded-frame squareness: 0.015 in/ft (0.4 mm/300 mm) after stress relief; mounting bolt-hole true position ±0.005 in (±0.127 mm),True position (bolt holes); implied flatness/squareness callout on weldment,Post-weld machining of mounting interfaces to restore location accuracy lost to weld distortion,https://www.thefabricator.com/thefabricator/article/automationrobotics/the-potential-of-flexible-mobile-robots-in-sheet-metal-fabrication,industry_estimate
R013,AMR/warehouse/logistics,sheet-metal enclosure,Sheet-metal body panel/cover,Panel-to-chassis mounting interface,unknown,unknown,unknown,https://www.lsrpf.com/blog/top-6-manufacturers-for-robotics-sheet-metal-fabrication-custom-lightweight-chassis-experts,supplier_marketing
R016,Cobot/industrial arm/machine tending,gripper jaw/finger,Gripper jaw / finger,Jaw-face-to-workpiece grip contact surface; pin-pivot bore,±0.0005 in on critical grip-surface dimensions and pin-pivot bores; wedge contact surfaces to ±0.01 mm; wire-EDM jaw patterns to ±0.001 in,"Parallelism between jaw faces to 0.05 mm over full stroke (below this, grip force reported to drop 30-50%)",unknown,https://www.rivcut.com/cnc-machining/robotics/gripper-components/,supplier_marketing
R017,Humanoid/general-purpose,gripper jaw/finger,"Finger frame, proximal phalanx, MCP joint part",Finger pivot/joint bore,±0.005 mm machining tolerance capability cited for the build (same source as R004),unknown,unknown,https://pmc.ncbi.nlm.nih.gov/articles/PMC11275007/,documentation_verified
R018,AMR/warehouse/logistics,sensor/camera mount,RGBD camera mount,"Camera mounting interface (front-facing, for localization/obstacle detection)",unknown,unknown,unknown,https://arxiv.org/pdf/2103.09229,documentation_verified (functional description only)
R020,Maker/startup-built custom robot systems,battery/electronics enclosure,Main housing with battery pocket,Battery pocket / PCB sandwich interface,unknown,unknown,Battery clamped in place with rubber-tipped set screws; sandwiched between PCBs,https://arxiv.org/pdf/2503.20702,documentation_verified
R021,AMR/warehouse/logistics,battery/electronics enclosure,Battery pack enclosure with lid,O-ring sealing groove on enclosure lid (IP54/IP67 sealing),Cell-to-cell clearance tolerance ±0.1 mm; sealing surfaces/O-ring grooves ±0.001 in general / ±0.0005 in critical (vendor-stated),unknown,unknown,https://www.rivcut.com/cnc-machining/springfield/automotive/ev-battery-enclosures/,supplier_marketing
R022,Humanoid/general-purpose,battery/electronics enclosure,Sealed electronics housing,O-ring gland (sealed enclosure); EMI grounding pad interface,unknown,unknown,unknown,https://www.charmaxprecision.com/case-studies/aluminum-electronics-housing/,supplier_marketing
R023,Humanoid/general-purpose,joint/link,Joint housing with bearing bore,Bearing bore / gearbox interface / motor mount (matches issue's own named critical-interface example),"Critical features (bearing seats, precision holes, shafts) down to ±0.005 mm; high-stress knee/hip joints to ±0.0005 in; bearing-bore press-fit limits +0.000/-0.012 mm",Bearing-bore concentricity 0.0002 in as a cited baseline for high-performance bipedal platforms; perpendicularity held to within 0.0004 in; sealing-surface Ra 0.8,Press fit of bearing into bore (walk risk if oversized),https://www.dakingsrapid.com/en_us/humanoid-robot-joint-cnc-machining-tolerances-specs/,supplier_marketing
R026,Cobot/industrial arm/machine tending,joint/link,End-effector mounting flange,Robot-to-end-effector mechanical interface (tool flange) — an ISO-standardized mating interface,unknown,"Flange interface geometry standardized: PCD, centering-collar diameter, drilling pattern, outer diameter (e.g. ISO 9409-1-50-4-M6: 50 mm PCD, 4x M6)",unknown,https://www.iso.org/standard/36578.html,documentation_verified
R027,Humanoid/general-purpose,joint/link,Actuator housing,Actuator housing as integrated heat sink (thermal + structural dual function),unknown,unknown,unknown,https://www.laifualdrive.com/blog/tesla-optimus-robot-actuators/,supplier_marketing
R029,Humanoid/general-purpose,shaft/bearing seat/motor mount,Output shaft; bearing seat bore,Shaft-to-bearing-bore fit (press/clearance fit controls performance),Shaft: h6 tolerance class (mating H7 housing bore),unknown,Shaft must not be oversized (deforms mating bore) or undersized (shifts under load),https://www.harmonicdrive.net/_hd/content/catalogs/pdf/csf-csg.pdf,documentation_verified (fit class); supplier_marketing (Ti-6Al-4V material generalization)
R031,Exoskeleton/wearable robot,shaft/bearing seat/motor mount,Motor mount bracket,Actuator-mount-to-frame interface (torque transfer),unknown,unknown,unknown,https://bangid.com/knowledge-base/custom-machined-exoskeleton-robot-engineering-precision-for-human-augmentation/,supplier_marketing
R032,Inspection/field robot,pressure housing/sealed enclosure,Machined end caps + tube housing,O-ring face / end-cap-to-tube sealing interface,O-ring sealing-surface tolerance ±0.025 mm; surface roughness Ra 0.8 μm (vendor-generalized ROV design guidance),unknown,Precision machining of tube-end/O-ring interface despite wider tolerance on raw tube stock,https://arxiv.org/pdf/2512.15597,"documentation_verified (materials, O-ring failure account — academic paper); supplier_marketing (±0.025 mm/Ra 0.8 tolerance figures — vendor page)"
R034,Cobot/industrial arm/machine tending,jig/fixture/EOAT structure,CNC baseplate / tooling plate,Fixture-component locating surface,Tighter flatness (0.02 mm per 300 mm) requires post-machine stress relief or grinding,Flatness callout on tooling-plate surface,unknown,https://www.chalcoaluminum.com/knowledge/6061-aluminum-tooling-plate-block-2504-lx/,documentation_verified
R035,Cobot/industrial arm/machine tending,jig/fixture/EOAT structure,"Tool fixture holding multiple ratcheting EOA tools; pin clamps, clamps, locators",Tool-changer coupling interface,unknown,unknown,unknown,https://image-ppubs.uspto.gov/dirsearch-public/print/downloadPdf/8025323,documentation_verified (existence/design-category only)
R045,Cobot/industrial arm/machine tending,joint/link,unknown,Press-fit bearing bore; threaded fastener joint,unknown,unknown,"Threadlocker (anaerobic adhesive, e.g. Loctite 243 medium-strength) applied to threaded fasteners in high-vibration environments such as motors, to prevent loosening under vibration/shock/dynamic load; retaining compound (e.g. Loctite retaining compound) applied to press-fit/shrink-fit bearing bores to fill the microscopic air gap left by metal-to-metal friction fit alone, unitizing the assembly against vibration",https://next.henkel-adhesives.com/us/en/applications/threadlockers.html,documentation_verified
