ID,Ngày thu thập,Quốc gia,Loại robot,Dạng robot/use case,RFQ family,Custom assembly,Custom part,Geometry/feature,Bought-in vs custom,Material grade,Primary process,Secondary process,Finish/coating,Heat treatment,Welding requirement,General tolerance,Critical tolerance,GD&T,Critical interface,Thread/insert/fastening,Assembly requirement,Critical characteristic,Inspection method,Inspection equipment,FAI requirement,Material cert/traceability,Lifecycle stage,Revision intensity,Failure/rework reason,Repeat/replacement,Single/multi-process,Tooling/NRE need,Raw claim/fact,Source URL,Source type,Publication date,Confidence,Fact/inference/hypothesis,Unknown/gap,Notes
R001,2026-09-19,US,Humanoid/general-purpose,"Bipedal humanoid, knee/hip actuator joint",precision CNC housing,Knee/hip actuator joint module,"Harmonic-drive circular-spline housing (generic joint housing, not tied to a named OEM part)","Bored housing with press-fit circular spline seat, output bearing bore, mounting flange face",Custom housing; harmonic-drive gear set itself is bought-in (component supplier),unknown (spec sheet does not name a specific alloy for the housing),CNC machining (bore + flange),unknown,unknown,unknown,None (machined housing),unknown,Housing bore for 70 mm circular spline: H7 = +0.030/+0.000 mm; mating shaft: h6,"unknown (fit class given, not a GD&T callout)",Circular-spline bore / flexspline-wave-generator bearing interface (harmonic-drive gear seat),unknown,"Bore must not be oversized (spline walks under load) or undersized (spline deforms, ruins gear performance)",Bore roundness/size directly controls harmonic-drive gear life and backlash,"unknown (implied bore gauge/CMM for H7 fit, not stated)",unknown,unknown,unknown,"unknown (generic engineering-guide fact, not tied to one program's lifecycle)",unknown,Gear deformation (bore too tight) or spline shift under load (bore too loose),unknown,unknown,"None described (machining only, no tooling)",Harmonic Drive component-set catalog documentation specifies H7 housing bore / h6 shaft as the standard recommended fit for circular-spline/flexspline component sets; compliance with the recommended assembly tolerance is required for the gearing's stated performance.,https://www.harmonicdrive.net/_hd/content/catalogs/pdf/csf-csg.pdf,Component-supplier technical documentation (Harmonic Drive LLC catalog),unknown,documentation_verified,fact,"No specific robot OEM housing part is confirmed against this fit; this is the generic reducer-supplier engineering recommendation, applied here to the joint-housing RFQ context",Cross-applies to any humanoid/cobot/quadruped joint using a harmonic-drive-type reducer; not an OEM-specific claim
R002,2026-09-19,US,Humanoid/general-purpose,"Bipedal humanoid, structural/actuator components",precision CNC housing,Arm/leg actuator housing and structural frame parts,Upper-arm output flange; structural frame members (silver machined parts observed in teardown),5-axis machined flange geometry; housing walls not cast,"Custom (machined billet, explicitly not cast)","Al 7075 (upper arm, per teardown analysis)",5-axis CNC machining of aluminum billet,unknown,unknown,unknown,unknown,unknown,unknown,unknown,Output flange (actuator-to-limb structural interface),unknown,unknown,Strength-to-weight under bending load at output flange,unknown,unknown,unknown,unknown,"Production humanoid platform (shipping robot, not a prototype)","unknown (teardown notes CNC chosen over casting specifically to allow ongoing part modification as robot develops, implying frequent revision)",unknown,unknown,Single-process (machining) per described part,"None (machining avoids casting tooling investment, per source)","Independent teardown analysis states many of the Unitree G1's silver structural parts are CNC-machined from aluminum billet rather than cast (avoiding casting-tool lead time/capital and allowing ongoing part modification), and the upper arm uses 5-axis machining of Al 7075 chosen for strength-to-weight under bending at the output flange.",https://humanoid.guide/unitree-g1-teardown-reveals-actuator-and-cooling-tradeoffs/,Independent technical teardown/analysis blog,unknown,documentation_verified,"fact (third-party teardown claim about a named, shipping OEM product)","No tolerance, GD&T, finish, or inspection detail given for this specific part","Only record in this dataset tying a specific alloy/process to a specific, named, shipping humanoid product via an independent (non-vendor) technical teardown"
R003,2026-09-19,US,Cobot/industrial arm/machine tending,Collaborative arm joint module,precision CNC housing,Robot joint module (motor + gearbox + housing + tube),Joint housing / arm tube transition,Tapered tube-to-joint-housing geometry (replacing prior cylindrical tube),Custom (OEM-designed joint architecture),unknown,"unknown (implied machining, not confirmed)",unknown,unknown,unknown,unknown,unknown,unknown,unknown,Joint-housing-to-arm-tube structural interface,unknown,unknown,Joint stiffness (torsional/bending) at tube-to-housing transition,unknown,unknown,unknown,unknown,Production (current-generation shipping cobot),unknown,unknown,unknown,unknown,unknown,"Universal Robots states its current cobot generation uses updated geometry with tapered tubes that deliver stiffer tubes and a stiffer joint housing compared to the cylindrical tubes used previously, alongside ~25% higher joint torque and ~50% fewer parts vs the prior e-Series.",https://www.universal-robots.com/products/ur20/,OEM product page,unknown,supplier_marketing,"fact (vendor-claimed, OEM's own product marketing)","Material, process, tolerance, finish all unstated on the public product page","vendor-claimed: OEM marketing copy, not independently verified engineering detail"
R004,2026-09-19,US,Maker/startup-built custom robot systems,Anthropomorphic/dexterous robotic hand (academic prosthesis-class build),precision CNC housing,Finger module housing (MCP joint housing),Finger frame; proximal phalanx; MCP joint part; joint shafts,Small-scale joint housing with pin-bore features for finger articulation,Custom,"SUS303 stainless (finger frame, proximal phalanx, MCP joint part, shafts); Aluminum 6061 (remaining parts)","CNC machining (milling, cutting, drilling)",unknown,unknown,unknown,None,unknown,±0.005 mm machining tolerance capability cited for the build,unknown,Joint pin bore (finger articulation pivot),unknown,unknown,Repeatability of small-part machining for consistent finger articulation,unknown,unknown,unknown,unknown,Prototype/academic build,unknown,unknown,unknown,Single-process (machining) as described,None (machining only),"A published anthropomorphic robotic hand prosthesis build used CNC machining (Alarsis FRH170 ATC) with a cited tolerance capability of ±0.005 mm; the most load-bearing parts (finger frame, proximal phalanx, MCP joint part, shafts) were SUS303 stainless steel, the rest Aluminum 6061.",https://pmc.ncbi.nlm.nih.gov/articles/PMC11275007/,Peer-reviewed journal article (PMC),unknown,documentation_verified,fact,"This is a prosthesis-class research build, not a commercial robot company's part; treated as maker/startup-adjacent evidence, not a commercial OEM claim",Strongest real tolerance+material data point found for small dexterous-hand joint housings
R005,2026-09-19,US,AMR/warehouse/logistics,"Warehouse/logistics mobile robot, sensor/structural brackets",bracket/mount/adapter,unknown,LiDAR bracket; stereo camera housing; force/torque sensor adapter; encoder mount,Bracket with tight positional tolerance features for sensor alignment/calibration,Custom bracket around bought-in sensor,Aluminum alloy (unspecified grade) or stainless steel,CNC machining,unknown,unknown,unknown,None,unknown,±0.0005 in on critical features (vendor-stated),unknown,Sensor mounting face (alignment/calibration-critical),unknown,unknown,Positional accuracy of sensor mount affects sensor calibration/alignment,CMM (vendor states CMM inspection on every order),CMM,unknown,unknown,Prototype through limited production run (vendor markets to both),unknown,unknown,unknown,unknown,"None (machining, no tooling)","A CNC job-shop marketing page states custom sensor mounts for robotics can be machined in aluminum and stainless steel to ±0.0005 in on critical features with CMM inspection on every order, and that low-volume machining supports prototype development and limited production runs.",https://www.rivcut.com/cnc-machining/houston/robotics/sensor-mounts/,Manufacturer/vendor site (US CNC job shop),unknown,supplier_marketing,fact (vendor-claimed),"No named OEM customer, no specific robot program, no material grade","vendor-claimed; representative capability claim, not tied to a confirmed AMR OEM part"
R006,2026-09-19,US,Agriculture robot,Field robot implement/chassis mounting hardware,bracket/mount/adapter,unknown,Structural mounting bracket / mounting plate for farm-equipment attachment,unknown,Custom,"unknown (fabricator markets steel, stainless, aluminum generally, not a specific grade for a named agriculture-robot bracket)",Fabrication (laser/robotic welding capability offered),unknown,unknown,unknown,MIG/TIG/laser welding offered by fabricator for steel/stainless/aluminum,unknown,unknown,unknown,unknown,unknown,unknown,unknown,unknown,unknown,unknown,unknown,unknown,unknown,unknown,unknown,unknown,unknown,"A metal-fabrication vendor markets custom structural brackets, mounting plates, enclosures, guards, and panels for farm equipment/implements/storage systems, with laser, MIG and TIG welding on steel, stainless and aluminum.",https://lcnw.com/agricultural-manufacturing/,Manufacturer/vendor site (US metal fabricator),unknown,supplier_marketing,"fact (vendor-claimed, generic capability statement)","No named agriculture-robot OEM, no specific part geometry/material/tolerance found; agriculture-robot bracket family is only thinly evidenced",Weak/partial evidence — flagged as a coverage gap for agriculture-robot RFQ anatomy in the coverage audit
R007,2026-09-19,US,Service robot,Delivery/service robot sensor and structural bracket,bracket/mount/adapter,unknown,Sensor/vision-camera mounting bracket,"Bracket sized for thermal conductivity and rigidity (per FEA optimization, generic claim)",Custom bracket around bought-in camera/sensor,Aerospace-grade aluminum alloy or stainless steel (unspecified grade),CNC machining,unknown,unknown,unknown,None,unknown,unknown,unknown,Camera/sensor mounting face,unknown,unknown,"Stiffness-to-mass balance (FEA-optimized, per vendor claim)",unknown,unknown,unknown,unknown,unknown,unknown,unknown,unknown,unknown,unknown,"Vendor marketing states robot camera/sensor brackets use materials with high thermal conductivity like aluminum alloys, structural rigidity via aerospace-grade aluminum or stainless steel, optimized by FEA to balance stiffness with minimal mass.",https://frigate.ai/product/robotic-vision-camera-bracket/,Manufacturer/vendor site,unknown,supplier_marketing,"fact (vendor-claimed, generic)","No named OEM, no grade, no tolerance",vendor-claimed
R008,2026-09-19,US,Exoskeleton/wearable robot,Powered lower-body exoskeleton (industrial/defense use),bracket/mount/adapter,Actuator mounting bracket / load-bearing frame member,Frame member; actuator mounting bracket,High-stiffness interface preventing deflection under motor torque (generic claim),Custom,"Aluminum or titanium structural elements (Lockheed Martin Onyx: carbon fiber, aluminum, plastic, fabric, and titanium)","unknown (CNC machining implied for metal elements, not confirmed for Onyx specifically)",unknown,unknown,unknown,unknown,unknown,unknown,unknown,Actuator mounting bracket interface (motor torque transfer point),unknown,unknown,Dimensional accuracy within micrometers required for joints/linkages/mounting brackets under repetitive cyclic loading (generic exoskeleton engineering claim),unknown,unknown,unknown,unknown,Production (Onyx is a fielded Lockheed Martin product),unknown,unknown,unknown,unknown,unknown,"University-published profile states Lockheed Martin's Onyx exoskeleton is made of carbon fiber, aluminum, plastic, fabric, and a bit of titanium; separately, a manufacturing-vendor explainer states exoskeleton load-bearing frame members are typically aluminum or titanium, and actuator mounting brackets need high-stiffness interfaces to prevent deflection under motor torque, with mechanical components required to hold dimensional accuracy within micrometers under cyclic loading.",https://www.ucf.edu/pegasus/power-move-onyx-exoskeleton/,"University magazine profile (Onyx material claim); vendor site (bracket/tolerance generic claim, see notes)",unknown,"documentation_verified (Onyx materials, UCF); supplier_marketing (bracket/tolerance generalization)","fact (Onyx material list); inference (generic bracket/tolerance claim applied to exoskeletons broadly, not confirmed specific to Onyx)","No confirmed tolerance, process, or fastening detail for Onyx's own bracket parts","Materials fact is real and OEM-named (Onyx); the tolerance/interface generalization is a separate generic vendor claim, kept distinct per row 41 notes"
R009,2026-09-19,US,AMR/warehouse/logistics,Warehouse/logistics mobile robot chassis,welded frame/chassis,Chassis weldment,Chassis frame (laser-cut panels + weld),"Laser-cut sheet panels, MIG/TIG-welded into a frame, machined at joint interfaces after welding",Custom,"6061-T6 aluminum or mild steel (per vendor generalization, not a named OEM's confirmed spec)",Laser cutting + MIG/TIG welding,CNC machining of post-weld joint interfaces; powder coat or anodize,Powder coat or anodize,Stress relief (implied by squareness spec below),MIG/TIG welded sheet-metal weldment,Production sheet-metal tolerances typically ±0.05-0.1 mm (laser cut/CNC bent features),Welded-frame squareness: 0.015 in/ft (0.4 mm/300 mm) after stress relief; mounting bolt-hole true position ±0.005 in (±0.127 mm),True position (bolt holes); implied flatness/squareness callout on weldment,Wheel-mount / drive-unit mounting interface (chassis torsional stiffness affects sensor alignment per case study),unknown,Post-weld machining of mounting interfaces to restore location accuracy lost to weld distortion,"Torsional stiffness (flat-plate chassis without reinforcement twists under wheel-bump load, causing sensor misalignment/navigation error per case-study example)","unknown (implied dimensional/CMM check post-weld, not stated)",unknown,unknown,unknown,unknown (mix of prototype design-iteration case study and production capability claims),unknown,Chassis twist under asymmetric wheel loading causing sensor misalignment and navigation error (explicit design case-study failure mode),unknown,"Multi-process (cut, bend, weld, machine, finish)","None described (sheet-metal weldment, no casting/molding tooling)","AMR chassis weldments are commonly laser-cut sheet metal (6061-T6 or mild steel), MIG/TIG welded, then machined at joint interfaces, powder-coated or anodized; a cited squareness tolerance is 0.015 in/ft after stress relief with ±0.005 in true position on mounting holes. A documented design case study: an AMR chassis built as a flat, unreinforced plate twisted when one wheel hit a bump, causing sensor misalignment and navigation errors, fixed by adding diagonal gussets or a closed-section tunnel.",https://www.thefabricator.com/thefabricator/article/automationrobotics/the-potential-of-flexible-mobile-robots-in-sheet-metal-fabrication,Trade publication (case-study/design content) + vendor generalization (tolerance figures),unknown,industry_estimate,fact (failure-mode case study is presented as a real design lesson); the specific tolerance numbers are a vendor generalization not tied to one named AMR OEM,No named AMR OEM chassis confirmed against these exact numbers,"Tolerance figures aggregated across multiple sheet-metal-fabrication vendor pages found in the same search; treated as industry-typical, not OEM-specific"
R010,2026-09-19,US,Agriculture robot,Field robot structural chassis,welded frame/chassis,Chassis weldment,Structural steel/stainless chassis frame,unknown,Custom,"Heavy-gauge structural steel and stainless (304/316L), per vendor generalization",TIG/MIG welding,unknown,unknown,"Stress relief (deeply penetrated, stress-relieved welds cited to prevent fatigue failure)","Deeply penetrated, stress-relieved TIG/MIG welds",unknown,unknown,unknown,unknown,unknown,unknown,Fatigue resistance under high dynamic payload,unknown,unknown,unknown,unknown,unknown,unknown,"Weld fatigue failure (motivates stress relief requirement, per vendor claim)",unknown,Multi-process (weld + implied machining),unknown,"A sheet-metal/robotics fabricator states robotics sheet-metal chassis fabrication for high dynamic payloads uses heavy-gauge structural steel and stainless (304/316L) with deeply penetrated, stress-relieved TIG/MIG welds specifically to prevent fatigue failure.",https://shincofab.com/sheet-metal-fabrication-for-robotics/,Manufacturer/vendor site,unknown,supplier_marketing,"fact (vendor-claimed, generic across mobile-robot chassis, not agriculture-specific)",No named agriculture-robot OEM chassis found with confirmed material/process/tolerance,"vendor-claimed generic mobile-robot chassis fabrication capability, applied to the agriculture-robot family as the closest available evidence"
R011,2026-09-19,US,Mining/autonomous haulage,Autonomous haulage truck (surface/underground mining),welded frame/chassis,unknown,unknown,unknown,unknown,unknown,unknown,unknown,unknown,unknown,unknown,unknown,unknown,unknown,unknown,unknown,unknown,unknown,unknown,unknown,unknown,unknown,Production (Komatsu commercial deployment from 2007/2008; Sandvik AutoMine commercial),unknown,unknown,unknown,unknown,unknown,"Published industry surveys describe autonomous haulage trucks (Komatsu, commercially deployed in Chile 2007 and Australia 2008; Sandvik AutoMine for underground loaders/trucks) as integrating GPS, LiDAR and fleet-management software, but no source found gives chassis/structural-part material, process, or tolerance detail at the RFQ level.",https://link.springer.com/article/10.1007/s42461-025-01219-y,Peer-reviewed survey article,2025,documentation_verified (deployment facts only),fact (deployment/system-level facts only),"Entire RFQ-anatomy column set (material/process/tolerance/GD&T/interface/fastening/inspection/lifecycle-revision) is unfound at the component level for mining autonomous-haulage structural parts; these are OEM-built heavy vehicles, not typically custom-RFQ'd via outside CNC/fab shops, which may explain the near-total absence of public technical-RFQ-level detail","Mining/autonomous-haulage is the weakest-evidenced robot category in this dataset — flagged as a major gap in the coverage audit, not guessed"
R012,2026-09-19,US,Maker/startup-built custom robot systems,Open-source/DIY quadruped robot chassis (Mini-Cheetah-derived builds),welded frame/chassis,"unknown (leg/body frame, largely machined not welded in this family)",Leg tensioner/link parts,unknown,Custom,"7075 aluminum (tensioner/tension-bearing parts, per build-log teardown)",CNC machining (Haas CNC per original build),unknown,unknown,unknown,"None found (machined, not welded, for this specific family)",unknown,unknown,unknown,unknown,unknown,unknown,"High-strength material selected specifically to minimize bending on tension-bearing leg parts (""the bone"")",unknown,unknown,unknown,unknown,Prototype/hobbyist-replica build,unknown,unknown,unknown,Single-process (machining),None,"Build-log/teardown documentation of the original MIT Mini Cheetah-derived leg design states the leg parts undertaking tension (""the bone"") are made of 7075 aluminum for high strength to minimize bending, machined on a Haas CNC.",https://build-its-inprogress.blogspot.com/2022/11/mini-cheetah-clone-teardown.html,Independent build-log/teardown blog,"2022 (per URL date, later than issue's nominal 'today' framing but retained as-found)",documentation_verified,fact,"This is a welded-frame-family placeholder record; the actual quadruped leg family evidenced here is machined, not welded — recorded honestly rather than forcing it into the welded-frame bucket; see joint/link family (R033) for the correctly-categorized version of this same evidence","Retained to be transparent that welded-frame evidence for maker/startup quadruped builds was not found; the closest available maker-community evidence is machined, not welded"
R013,2026-09-19,US,AMR/warehouse/logistics,Mobile robot body panel/enclosure,sheet-metal enclosure,Body panel enclosure,Sheet-metal body panel/cover,"Laser-cut panel, CNC press-brake bent",Custom,unknown (generic: 6061-T6 aluminum or mild steel per vendor generalization),Laser cutting + CNC press-brake bending,PEM hardware insertion,Powder coat or anodize,unknown,"None (formed sheet metal, not welded, for panel-only parts)",Often held within 0.1 mm for laser-cut/CNC-bent sheet-metal features (vendor generalization),unknown,unknown,Panel-to-chassis mounting interface,PEM self-clinching hardware insertion,unknown,unknown,unknown,unknown,unknown,unknown,unknown,unknown,unknown,unknown,"Multi-process (cut, bend, insert hardware, finish)","None (sheet metal, no tooling)","Generalized vendor description of AMR sheet-metal fabrication: laser-cut panels, CNC press-brake bending, PEM hardware insertion, powder coat or anodize finish, with laser-cutting/CNC-bending tolerances often held within 0.1 mm.",https://www.lsrpf.com/blog/top-6-manufacturers-for-robotics-sheet-metal-fabrication-custom-lightweight-chassis-experts,Manufacturer/vendor site,unknown,supplier_marketing,"fact (vendor-claimed, generic)","No named OEM, no specific material grade or GD&T",vendor-claimed
R014,2026-09-19,US,Service robot,Delivery/service robot outer enclosure,sheet-metal enclosure,unknown,Outer shell/panel enclosure,unknown,"Custom (or thermoformed plastic alternative, per source)",unknown,"unknown (source discusses thermoforming as an enclosure alternative to sheet metal, not sheet metal itself in detail)",unknown,unknown,unknown,unknown,unknown,unknown,unknown,unknown,unknown,unknown,unknown,unknown,unknown,unknown,unknown,unknown,unknown,unknown,unknown,unknown,unknown,"A plastics vendor markets thermoformed enclosures as an alternative to sheet-metal enclosures for robotics/automation, implying sheet-metal enclosures remain the incumbent comparison point for service/delivery-robot outer shells, but gives no material/process/tolerance detail of its own for the sheet-metal case.",https://www.ditaiplastic.com/thermoformed-enclosures-for-robotics-automation-complete-guide/,Manufacturer/vendor site,unknown,supplier_marketing,"hypothesis (inferred sheet-metal-as-incumbent framing, not a direct sheet-metal claim)",No direct sheet-metal-enclosure evidence found for the service-robot family specifically,Weak evidence; flagged as partial coverage for service-robot sheet-metal-enclosure family in coverage audit
R015,2026-09-19,US,Inspection/field robot,Field/industrial inspection robot electronics bay cover,sheet-metal enclosure,unknown,unknown,unknown,unknown,unknown,unknown,unknown,unknown,unknown,unknown,unknown,unknown,unknown,unknown,unknown,unknown,unknown,unknown,unknown,unknown,unknown,unknown,unknown,unknown,unknown,unknown,unknown,"No source found describing a sheet-metal enclosure specific to an inspection/field robot (as distinct from its sealed pressure-housing family, see R040-R042). Recorded as an explicit gap rather than inferred from adjacent families.",unknown,unknown,unknown,unknown,unknown,Entire record is a gap marker,"Deliberate gap-marker row, not a data row — kept per issue's 'ghi unknown, không suy đoán' instruction"
R016,2026-09-19,US,Cobot/industrial arm/machine tending,Machine-tending/pick-and-place cobot end effector,gripper jaw/finger,Parallel/two-jaw gripper end effector,Gripper jaw / finger,Wedge/parallel jaw contact faces; pin-pivot bores,Custom jaw/finger tips on a bought-in gripper base unit,"Tool steel, A2 hardened to 53 HRC or D2 (wear-resistant), per vendor generalization; range cited 50-55 HRC generally","CNC machining (5-axis, sub-15-micron tolerance control per vendor claim)",Wire EDM (intricate jaw patterns in hardened material) + hardening/heat treat to 50-55 HRC,unknown,Hardening to 50-55 HRC (A2 to 53 RC cited),None,±0.001 in on general features (vendor-stated),±0.0005 in on critical grip-surface dimensions and pin-pivot bores; wedge contact surfaces to ±0.01 mm; wire-EDM jaw patterns to ±0.001 in,"Parallelism between jaw faces to 0.05 mm over full stroke (below this, grip force reported to drop 30-50%)",Jaw-face-to-workpiece grip contact surface; pin-pivot bore,unknown,unknown,Jaw-face parallelism directly controls grip force and grip synchronization (backlash on wedge contact surfaces),"unknown (tolerance figures imply CMM/gauge inspection, not explicitly stated)",unknown,unknown,unknown,unknown,unknown,Grip-force loss from jaw-face parallelism drift or wedge-surface backlash,"Interchangeable/quick-change jaw sets marketed by multiple gripper vendors as standard practice, implying a recurring replacement/repeat-order pattern for wear parts",Multi-process (mill/turn + wire EDM + heat treat),"None (machining/EDM, no tooling)","Vendor technical marketing on CNC-machined gripper components states: A2 tool steel hardened to 53 RC (D2 for wear resistance) used for gripper jaws, 5-axis CNC to sub-15-micron control, ±0.001 in general / ±0.0005 in critical-surface and pin-bore tolerances, wire EDM to ±0.001 in for hardened jaw patterns, wedge-contact tolerance ±0.01 mm, and jaw-face parallelism required to 0.05 mm over full stroke or grip force drops 30-50%. Separately, multiple gripper-component vendors (Robotiq spare-parts docs, Kitagawa, pull-stud quick-change systems) confirm interchangeable jaw-set replacement is a standard offered feature.",https://www.rivcut.com/cnc-machining/robotics/gripper-components/,Manufacturer/vendor site,unknown,supplier_marketing,"fact (vendor-claimed, internally consistent and specific, but not independently verified or tied to a named cobot OEM)",No named OEM gripper program confirmed against these exact numbers; inspection method/equipment not stated,"Richest single tolerance/GD&T dataset found for the gripper-jaw family, but entirely vendor-sourced — kept at supplier_marketing confidence throughout, not upgraded to independent fact"
R017,2026-09-19,US,Humanoid/general-purpose,Humanoid dexterous hand end effector,gripper jaw/finger,Finger/hand assembly,"Finger frame, proximal phalanx, MCP joint part",Multi-DOF finger linkage with pivot bores,Custom,SUS303 stainless (load-bearing finger parts); Aluminum 6061 (remaining parts),CNC machining,unknown,unknown,unknown,None,unknown,±0.005 mm machining tolerance capability cited for the build (same source as R004),unknown,Finger pivot/joint bore,unknown,unknown,unknown,unknown,unknown,unknown,unknown,Prototype/academic build,unknown,unknown,unknown,Single-process (machining),None,Same published anthropomorphic hand-prosthesis study as R004: robust load-bearing finger parts made of SUS303 stainless steel for strength; remaining parts Aluminum 6061; CNC tolerance capability ±0.005 mm.,https://pmc.ncbi.nlm.nih.gov/articles/PMC11275007/,Peer-reviewed journal article (PMC),unknown,documentation_verified,fact,"Prosthesis-class research build, not a confirmed commercial humanoid-hand OEM part","Cross-referenced with R004 (same source, precision-housing framing); this row is the gripper/finger framing of the identical evidence"
R018,2026-09-19,US,AMR/warehouse/logistics,Autonomous delivery robot perception stack mount,sensor/camera mount,Perception module mount,RGBD camera mount,unknown,Custom mount around bought-in RGBD camera,unknown,unknown,unknown,unknown,unknown,unknown,unknown,unknown,unknown,"Camera mounting interface (front-facing, for localization/obstacle detection)",unknown,unknown,unknown,unknown,unknown,unknown,unknown,Prototype (published academic delivery-robot design),unknown,unknown,unknown,unknown,unknown,"A published autonomous-delivery-robot design paper describes an RGBD camera mounted to get front-view images and 3D depth maps with an 8-meter range for localization and obstacle identification, but does not describe the mount's own material, process, or tolerance.",https://arxiv.org/pdf/2103.09229,Academic paper (arXiv preprint),2021,documentation_verified (functional description only),fact (system-level only),No mount-part material/process/tolerance in the source,"Kept to show the sensor exists and is mounted, but the mount-part manufacturing detail itself is a gap"
R019,2026-09-19,US,Inspection/field robot,Quadruped inspection robot sensor payload mount,sensor/camera mount,Sensor payload deck,unknown,unknown,unknown,unknown,unknown,unknown,unknown,unknown,unknown,unknown,unknown,unknown,unknown,unknown,unknown,unknown,unknown,unknown,unknown,unknown,unknown,unknown,unknown,unknown,unknown,unknown,"No source found giving material/process/tolerance detail for the sensor-payload mounting deck on a quadruped inspection robot (ANYmal/Vision 60/Spot); public sources describe the platform overall (carbon fiber + aluminum body, see R033/R034) but not the payload-mount RFQ specifics.",unknown,unknown,unknown,unknown,unknown,Entire record is a gap marker,Deliberate gap-marker row
R020,2026-09-19,US,Maker/startup-built custom robot systems,Untethered robotic impactor for water-entry experiments (research robot),battery/electronics enclosure,Main housing (structure + battery + electronics),Main housing with battery pocket,"Machined pocket for battery, clamped with rubber-tipped set screws, sandwiched between PCBs on either side",Custom housing around bought-in battery cells/PCBs,ASTM 6061-T6 aluminum,CNC machining,unknown,unknown,unknown,None,unknown,unknown,unknown,Battery pocket / PCB sandwich interface,Rubber-tipped set screws (battery clamping),Battery clamped in place with rubber-tipped set screws; sandwiched between PCBs,unknown,unknown,unknown,unknown,unknown,Prototype (research robot),unknown,unknown,unknown,Single-process (machining) as described,None,"A published research-robot paper (CyberDiver, an untethered robotic impactor) states its primary structure is a main housing machined from ASTM 6061-T6 aluminum, with a pocket for the battery clamped in place with rubber-tipped set screws and sandwiched between PCBs on either side.",https://arxiv.org/pdf/2503.20702,Academic paper (arXiv preprint),2025,documentation_verified,fact,"No tolerance, finish, or inspection detail given in the paper","Real, specific, named-system evidence — one of the strongest maker/research-robot records in this dataset"
R021,2026-09-19,US,AMR/warehouse/logistics,Mobile robot / AGV battery pack enclosure,battery/electronics enclosure,Battery pack enclosure,Battery pack enclosure with lid,Battery-cell compartment geometry; O-ring sealing groove on lid,Custom enclosure around bought-in battery cells,unknown (vendor generalization does not name a specific alloy),CNC machining,unknown,unknown,unknown,None,unknown,Cell-to-cell clearance tolerance ±0.1 mm; sealing surfaces/O-ring grooves ±0.001 in general / ±0.0005 in critical (vendor-stated),unknown,O-ring sealing groove on enclosure lid (IP54/IP67 sealing),unknown,unknown,Seal integrity for IP54/IP67 rating,unknown,unknown,unknown,unknown,unknown,unknown,unknown,unknown,unknown,unknown,"Vendor marketing for custom CNC-machined battery-pack enclosures (for UAV/AGV/robotics/portable instruments) states battery-cell compartment geometry with cell-to-cell clearance tolerance ±0.1 mm and an O-ring sealing groove on the lid for IP54/IP67 protection, holding ±0.001 in on general features and ±0.0005 in on critical sealing surfaces/O-ring grooves.",https://www.rivcut.com/cnc-machining/springfield/automotive/ev-battery-enclosures/,Manufacturer/vendor site,unknown,supplier_marketing,"fact (vendor-claimed, generic)","No named OEM, no material grade",vendor-claimed
R022,2026-09-19,US,Humanoid/general-purpose,Humanoid robot control/electronics enclosure,battery/electronics enclosure,Control module enclosure,Sealed electronics housing,"Machined PCB pocket, connector cutouts, EMI grounding pads, machined O-ring gland, threaded service bosses",Custom,6061-T6 aluminum,CNC machining,unknown,Black anodize (bead-blasted),unknown,None,unknown,unknown,unknown,O-ring gland (sealed enclosure); EMI grounding pad interface,Threaded service bosses,unknown,Seal integrity for vibration- and coolant-exposed environments (per vendor claim),unknown,unknown,unknown,unknown,unknown,unknown,unknown,unknown,Multi-process (machining + anodize),None,"Vendor case-study page describes a CNC-machined 6061-T6 aluminum electronics housing with a machined PCB pocket, connector cutouts, EMI grounding pads, and black-anodize finish, and separately a sealed control-module enclosure with a machined O-ring gland, threaded service bosses, and bead-blasted black anodize for vibration- and coolant-exposed environments.",https://www.charmaxprecision.com/case-studies/aluminum-electronics-housing/,Manufacturer/vendor site (case study),unknown,supplier_marketing,"fact (vendor-claimed, generic robotics/electronics housing case study, not confirmed tied to a named humanoid OEM)","No named OEM, no tolerance numbers given",vendor-claimed; applied here to the humanoid family as a representative electronics-enclosure case study since no humanoid-specific enclosure source was found
R023,2026-09-19,US,Humanoid/general-purpose,Bipedal humanoid knee/hip joint,joint/link,Knee/hip joint module,Joint housing with bearing bore,"Bearing bore + gearbox interface + motor mount, per issue's own worked example",Custom housing; bearing/reducer/motor bought-in,"6061-T6 (housings), 7075 (structural flanges), Ti-6Al-4V (high-stress shafts) — vendor generalization",5-axis continuous milling (cited as necessary to mitigate setup errors and guarantee bearing-bore concentricity),unknown,unknown,unknown,None,Standard CNC tolerance ±0.01 mm (vendor baseline),"Critical features (bearing seats, precision holes, shafts) down to ±0.005 mm; high-stress knee/hip joints to ±0.0005 in; bearing-bore press-fit limits +0.000/-0.012 mm",Bearing-bore concentricity 0.0002 in as a cited baseline for high-performance bipedal platforms; perpendicularity held to within 0.0004 in; sealing-surface Ra 0.8,Bearing bore / gearbox interface / motor mount (matches issue's own named critical-interface example),unknown,Press fit of bearing into bore (walk risk if oversized),Bearing-bore concentricity/perpendicularity controls joint runout and gear-mesh quality,"unknown (implied CMM given the sub-micron tolerances claimed, not explicitly stated)",unknown,unknown,unknown,unknown,unknown,Bearing walk (bore too loose) or bearing/gear deformation (bore too tight); hydraulic-fluid/grease sealing failure if Ra 0.8 not met,unknown,"Multi-process (5-axis milling of multiple mating features in one setup, per vendor rationale)",None (machining only),"Vendor technical page on humanoid robot joint CNC machining states: standard CNC tolerance ±0.01 mm, critical features to ±0.005 mm; bearing-bore concentricity of 0.0002 in as the baseline for high-performance bipedal platforms with perpendicularity within 0.0004 in; achieving ±0.0005 in on high-stress knee/hip joints dictates 5-axis continuous milling to guarantee bearing-bore concentricity; bearing-bore press fits demand +0.000/-0.012 mm to prevent bearing walk; sealing surfaces require Ra 0.8 to prevent hydraulic-fluid bypass or grease migration into electronics; materials: 6061-T6 for housings, 7075 for structural flanges, Ti-6Al-4V for high-stress shafts, bearing-bore tolerances H6/H7.",https://www.dakingsrapid.com/en_us/humanoid-robot-joint-cnc-machining-tolerances-specs/,Manufacturer/vendor site (China-based CNC/rapid-manufacturing supplier),unknown,supplier_marketing,"fact (vendor-claimed, internally detailed and consistent, but not independently verified or tied to a named humanoid OEM's actual drawing)","Not confirmed against any named OEM's real drawing; treated as vendor-claimed throughout, per issue's instruction not to promote vendor claims to independent fact","This is the single richest tolerance/GD&T source found for the joint/link family and matches the issue's own worked example almost exactly (bearing bore + gearbox interface + motor mount + concentricity + hard-anodize-adjacent finish discussion) — flagged clearly as vendor-claimed, not verified"
R024,2026-09-19,US,Inspection/field robot,Quadruped inspection robot (industrial/field use),joint/link,Leg/body structure,"unknown (body/leg structural parts, not itemized)",unknown,unknown,Carbon fibre and aluminium body; Kevlar belly protection (ANYbotics ANYmal),unknown,unknown,unknown,unknown,unknown,unknown,unknown,unknown,unknown,unknown,unknown,unknown,unknown,unknown,unknown,unknown,Production (fielded commercial industrial-inspection quadruped),unknown,unknown,unknown,unknown,unknown,"Oxford Robotics Institute's robot-platform page states the ANYbotics ANYmal quadruped robot is made of carbon fibre and aluminium, with a Kevlar belly for protection.",https://ori.ox.ac.uk/robots/ghost,University robotics-lab platform page,unknown,documentation_verified,fact,"No part-level (housing/joint/link) material, process, or tolerance breakdown — only overall platform material composition","University source names materials at the whole-platform level, not broken down to individual joint/link parts"
R025,2026-09-19,US,Inspection/field robot,Quadruped inspection robot (industrial/field use),joint/link,Leg/body structure,unknown,unknown,unknown,Aluminum and composites (Ghost Robotics Vision 60),unknown,unknown,unknown,unknown,unknown,unknown,unknown,unknown,unknown,unknown,unknown,unknown,unknown,unknown,unknown,unknown,Production (fielded quadruped platform),unknown,unknown,unknown,unknown,unknown,A market/aggregator source (semianalysis newsletter on the quadruped market) states the Ghost Robotics Vision 60 is constructed of aluminum and composites.,https://newsletter.semianalysis.com/p/quadruped-state-of-the-market-unitree,"Industry-analyst newsletter (secondary aggregator, not primary OEM spec)",unknown,industry_estimate,"fact (as reported by a secondary analyst source, not verified against Ghost Robotics' own spec sheet)",No part-level detail; secondary-source confidence only,Lower confidence than R024 because it is a secondary market-analysis aggregator rather than the OEM/university-affiliated source
R026,2026-09-19,US,Cobot/industrial arm/machine tending,Collaborative arm joint/link assembly,joint/link,Robot arm tool-mount flange interface,End-effector mounting flange,"Circular plate flange with defined pitch-circle diameter (PCD), centering collar, bolt pattern",Custom flange machined to a standardized interface geometry,unknown,"unknown (implied CNC machining, not explicit in the standard itself)",unknown,unknown,unknown,None,"unknown (ISO 9409-1 defines dimensions/designation, not shop-floor tolerances directly)",unknown,"Flange interface geometry standardized: PCD, centering-collar diameter, drilling pattern, outer diameter (e.g. ISO 9409-1-50-4-M6: 50 mm PCD, 4x M6)",Robot-to-end-effector mechanical interface (tool flange) — an ISO-standardized mating interface,"Bolt pattern per flange type (e.g., 4x M6 on 50 mm PCD)",unknown,Interchangeability/orientation-keeping of hand-mounted end effectors across manufacturers,unknown,unknown,unknown,unknown,unknown,unknown,unknown,unknown,unknown,None,"ISO 9409-1:2004 defines the mechanical interface (circular plate) between an industrial robot and its tool/end-effector — main dimensions, designation and marking — intended to ensure exchangeability and keep orientation of hand-mounted end effectors; common configurations cited include ISO 9409-1-50-4-M6, ISO 9409-1-40-4-M6, ISO 9409-1-31.5-4-M5.",https://www.iso.org/standard/36578.html,International standard (ISO),2004,documentation_verified,fact,"Standard defines geometry/designation, not manufacturing tolerance/process/material — those remain shop-specific and unknown","This is the strongest, most authoritative critical-interface source in the entire dataset (an actual ISO standard) — directly matches the issue's named critical-interface example 'robot flange'"
R027,2026-09-19,US,Humanoid/general-purpose,Bipedal humanoid actuator (rotary/linear joint actuator),joint/link,Actuator housing (heat-sink-integrated),Actuator housing,Cooling channels machined directly into the aluminum frame component,Custom,"Aluminum alloy (frame, unspecified grade); titanium (joints, unspecified grade); carbon fiber panels (insulation)",Machining (cooling channels machined directly into frame),unknown,unknown,unknown,unknown,unknown,unknown,unknown,Actuator housing as integrated heat sink (thermal + structural dual function),unknown,unknown,Thermal management integrated into mechanical design; continuous operation generates heat in motor windings and reducer oil film,unknown,unknown,unknown,unknown,unknown,unknown,unknown,unknown,unknown,unknown,"Third-party actuator-industry blog content describes Tesla Optimus actuator housings with cooling channels machined directly into aluminum frame components as part of an integrated thermal-management approach, an aluminum-alloy frame for thermal spreading, carbon-fiber panels for insulation, and titanium joints for high-temperature tolerance; also claims 'every gear, bearing, and coupling is machined to aerospace standards.'",https://www.laifualdrive.com/blog/tesla-optimus-robot-actuators/,"Manufacturer/vendor site (actuator-component vendor blog, third-party analysis of a competitor/industry product, not Tesla's own documentation)",unknown,supplier_marketing,"inference (third-party vendor analysis of Tesla's design, not confirmed by Tesla itself; 'machined to aerospace standards' is an unquantified marketing phrase)",Not confirmed by Tesla directly; no tolerance/GD&T numbers given,"Kept as low-confidence, explicitly not upgraded to fact per issue's vendor-claim rule; Tesla itself publishes no public engineering-tolerance documentation for Optimus that this research found"
R028,2026-09-19,US,Maker/startup-built custom robot systems,Open-source/DIY quadruped leg (Mini-Cheetah-derived),joint/link,Leg linkage assembly,Leg tensioner/link ('the bone'),Tension-bearing link geometry minimizing bending,Custom,7075 aluminum,CNC machining (Haas CNC),unknown,unknown,unknown,None,unknown,unknown,unknown,unknown,unknown,unknown,High-strength-to-weight material selected specifically to minimize bending on tension-bearing link,unknown,unknown,unknown,unknown,Prototype/hobbyist-replica build,unknown,unknown,unknown,Single-process (machining),None,"Same build-log/teardown source as R012: the tension-bearing leg link ('the bone') of the original MIT Mini Cheetah-derived design is made of 7075 aluminum, machined on a Haas CNC, chosen for high strength to minimize bending.",https://build-its-inprogress.blogspot.com/2022/11/mini-cheetah-clone-teardown.html,Independent build-log/teardown blog,2022,documentation_verified,fact,No tolerance/GD&T/finish detail,"Correctly-categorized version of the R012 evidence (joint/link family, not welded-frame)"
R029,2026-09-19,US,Humanoid/general-purpose,Bipedal humanoid joint actuator shaft/bearing seat,shaft/bearing seat/motor mount,Joint actuator shaft assembly,Output shaft; bearing seat bore,Shaft with h6 fit tolerance mating an H7 housing bore (harmonic-drive convention),Custom shaft; bearing itself bought-in,Ti-6Al-4V (high-stress shafts) per vendor generalization; unknown for the harmonic-drive-catalog generic case,CNC turning/machining,unknown,unknown,unknown,None,unknown,Shaft: h6 tolerance class (mating H7 housing bore),unknown,Shaft-to-bearing-bore fit (press/clearance fit controls performance),unknown,Shaft must not be oversized (deforms mating bore) or undersized (shifts under load),Fit-class compliance directly controls harmonic-drive/joint performance and life,unknown,unknown,unknown,unknown,unknown,unknown,unknown,unknown,unknown,None,"Harmonic Drive component-set catalog documentation recommends h6 as the standard shaft tolerance class mating an H7 housing bore for circular-spline/flexspline component sets (same source as R001); separately, a vendor generalization states Ti-6Al-4V for high-stress humanoid-joint shafts.",https://www.harmonicdrive.net/_hd/content/catalogs/pdf/csf-csg.pdf,Component-supplier technical documentation,unknown,documentation_verified (fit class); supplier_marketing (Ti-6Al-4V material generalization),fact,No named OEM shaft confirmed against this fit class,"Companion record to R001, framed from the shaft/bearing-seat side of the same interface"
R030,2026-09-19,US,Cobot/industrial arm/machine tending,Collaborative-arm joint motor mount,shaft/bearing seat/motor mount,unknown,Motor mount interface,unknown,unknown,unknown,unknown,unknown,unknown,unknown,unknown,unknown,unknown,unknown,unknown,unknown,unknown,unknown,unknown,unknown,unknown,unknown,unknown,unknown,unknown,unknown,unknown,unknown,"No public source found with motor-mount-specific material/process/tolerance detail for a named collaborative-arm OEM (Universal Robots product pages describe joint stiffness/torque at a system level, see R003, but not the motor-mount interface itself).",unknown,unknown,unknown,unknown,unknown,Entire record is a gap marker,Deliberate gap-marker row
R031,2026-09-19,US,Exoskeleton/wearable robot,Powered exoskeleton actuator mount,shaft/bearing seat/motor mount,Actuator mounting bracket,Motor mount bracket,High-stiffness interface to prevent deflection under motor torque,Custom,unknown,unknown,unknown,unknown,unknown,unknown,unknown,unknown,unknown,Actuator-mount-to-frame interface (torque transfer),unknown,unknown,"Stiffness must prevent deflection under motor torque (generic vendor claim, same source as R008)",unknown,unknown,unknown,unknown,unknown,unknown,Deflection under motor torque if interface stiffness insufficient,unknown,unknown,unknown,Same vendor source as R008: exoskeleton actuator mounting brackets require high-stiffness interfaces to prevent deflection under motor torque.,https://bangid.com/knowledge-base/custom-machined-exoskeleton-robot-engineering-precision-for-human-augmentation/,Manufacturer/vendor site,unknown,supplier_marketing,"fact (vendor-claimed, generic)",No tolerance/material specifics,vendor-claimed
R032,2026-09-19,US,Inspection/field robot,Underwater ROV for real-time inspection/intervention,pressure housing/sealed enclosure,Pressure housing assembly,Machined end caps + tube housing,Tube housing with precision-machined end caps for O-ring sealing,Custom housing; O-rings bought-in to standard spec,"Titanium 6Al-4V, Aluminum 6061/7075, or stainless steel (303/304/316) — options cited generically across ROV housing sources",CNC machining (turning of tube/end caps),unknown,unknown,unknown,None,unknown,O-ring sealing-surface tolerance ±0.025 mm; surface roughness Ra 0.8 μm (vendor-generalized ROV design guidance),unknown,O-ring face / end-cap-to-tube sealing interface,unknown,Precision machining of tube-end/O-ring interface despite wider tolerance on raw tube stock,"Seal integrity under hydrostatic pressure; O-ring quality found to be paramount in a published open-source ROV build (local O-rings failed, requiring higher-quality imported O-rings)","unknown (implied leak/pressure test, not explicitly detailed)",unknown,unknown,unknown,Prototype (open-source/research ROV builds),unknown,"Seal failure from low-quality O-rings (explicit documented failure in an open-source ROV build, requiring an O-ring sourcing change)",unknown,Single-process (machining) for the housing itself,None,"An open-source underwater-robotics toolkit paper and an ROV/subsea design vendor page together describe: pressure housings typically built from Ti-6Al-4V, aluminum 6061/7075, or stainless steel 303/304/316 with O-ring seals; assembly-surface tolerance ~±0.025 mm and Ra 0.8 μm surface roughness for the O-ring interface; and a published account that initial local-sourced O-rings failed and had to be replaced with higher-quality imported O-rings for a reliable seal.",https://arxiv.org/pdf/2512.15597,"Academic paper (arXiv, open-source underwater field-robotics toolkit) + vendor design-guidance page (tolerance numbers)",unknown,"documentation_verified (materials, O-ring failure account — academic paper); supplier_marketing (±0.025 mm/Ra 0.8 tolerance figures — vendor page)",fact,Tolerance figures not independently confirmed beyond the vendor source,"Strong combined academic + vendor evidence for this family; O-ring failure account is a genuine documented failure/rework reason, not inferred"
R033,2026-09-19,US,Maker/startup-built custom robot systems,Untethered robotic impactor for underwater water-entry experiments,pressure housing/sealed enclosure,Main housing (same system as R020),Machined main housing,"unknown (housing doubles as battery/electronics enclosure, see R020)",Custom,ASTM 6061-T6 aluminum,CNC machining,unknown,unknown,unknown,None,unknown,unknown,unknown,unknown,unknown,unknown,unknown,unknown,unknown,unknown,unknown,Prototype (research robot),unknown,unknown,unknown,Single-process (machining),None,"Same CyberDiver paper as R020: the robot enters water for impactor experiments, and its main housing (machined from ASTM 6061-T6 aluminum) is the pressure/sealed enclosure doubling as the electronics/battery housing.",https://arxiv.org/pdf/2503.20702,Academic paper (arXiv preprint),2025,documentation_verified,fact,No sealing-tolerance or O-ring-spec detail confirmed for this specific housing,"Same underlying part as R020, cross-referenced here because it also functions as a sealed/pressure housing, per the coverage rule that a part can span multiple family audits"
R034,2026-09-19,US,Cobot/industrial arm/machine tending,Machine-tending/automation cell tooling fixture,jig/fixture/EOAT structure,Tooling/fixture plate assembly,CNC baseplate / tooling plate,Flat plate with mounting-hole pattern for EOAT/fixture components,Custom,6061 aluminum (or MIC-6 cast tooling plate as an alternative where flatness/dimensional stability is prioritized),CNC machining (milling flat plate + mounting features),Stress-relief or grinding (for tighter flatness),unknown,Stress relief (for tighter flatness spec),None,Flatness on milled plate surfaces typically 0.05 mm per 300 mm,Tighter flatness (0.02 mm per 300 mm) requires post-machine stress relief or grinding,Flatness callout on tooling-plate surface,Fixture-component locating surface,unknown (source notes fixtures often combine an aluminum body with steel/hardened locating components),unknown,Flatness stability under repeated clamping/locating cycles,"unknown (implied flatness gauge/CMM, not stated)",unknown,unknown,unknown,unknown (fixtures described as used for both prototype 'nests' and production tooling),unknown,unknown,unknown,Multi-process where hardened steel locating components are added to an aluminum body,"None described (machined fixture, not a molding/casting tool)","Aluminum-supplier technical content states 6061 tooling plate flatness is typically 0.05 mm per 300 mm on milled surfaces, with tighter flatness (0.02 mm per 300 mm) requiring post-machine stress relief or grinding; 6061 is a practical choice for prototype 'nests' and production tooling when loading is moderate, while MIC-6 cast tooling plate is preferred when flatness/dimensional stability is the top priority; many fixtures combine an aluminum body with steel or hardened locating components.",https://www.chalcoaluminum.com/knowledge/6061-aluminum-tooling-plate-block-2504-lx/,Material-supplier technical documentation,unknown,documentation_verified,"fact (material-property/engineering-guidance level, not tied to a specific robot-cell program)",No named robot-cell program confirmed against these exact flatness numbers,"Generic but credible material-engineering source (not sales copy for a specific robot part), so kept at documentation_verified rather than supplier_marketing"
R035,2026-09-19,US,Cobot/industrial arm/machine tending,End-of-arm tooling (EOAT) for pick/place and process tasks,jig/fixture/EOAT structure,EOAT tool changer/fixture assembly,"Tool fixture holding multiple ratcheting EOA tools; pin clamps, clamps, locators",unknown,Custom fixture holding bought-in gripper/tool components,unknown,unknown,unknown,unknown,unknown,unknown,unknown,unknown,unknown,Tool-changer coupling interface,unknown,unknown,unknown,unknown,unknown,unknown,unknown,unknown,unknown,unknown,unknown,unknown,unknown,"A patent document describes a tool fixture configured for holding a plurality of ratcheting EOA tools, with exemplary tools including grippers, pin clamps, clamps, and locators — confirming EOAT/fixture structures are a real, patented mechanical-design category, but without material/tolerance/process detail.",https://image-ppubs.uspto.gov/dirsearch-public/print/downloadPdf/8025323,US patent document,unknown,documentation_verified (existence/design-category only),"fact (design-category confirmation, not manufacturing-spec detail)",No manufacturing detail (material/process/tolerance) found for this or any other named EOAT structure,"Confirms the category exists and is patented, but coverage of the actual RFQ anatomy (material/tolerance/process) for EOAT structures remains a significant gap"
R036,2026-09-19,US,Maker/startup-built custom robot systems,"Humanoid-startup prototype-stage manufacturing support (multi-customer vendor claim, not one named program)",prototype multi-part assembly,Chassis frame + mounting bracket set,Frame member; mounting bracket,unknown,Custom,"unknown (aluminum implied by vendor's general CNC-robotics framing, not explicitly stated for this claim)",CNC machining (multi-axis),unknown,unknown,unknown,unknown,unknown,unknown,unknown,unknown,unknown,unknown,unknown,unknown,unknown,unknown,unknown,Prototype through assembly validation and production preparation (explicit vendor claim spanning multiple lifecycle stages),Implied multiple design rounds (vendor states support spans 'early prototype stages through assembly validation and production preparation'),unknown,unknown,Multi-process (implied: machining + assembly support),unknown,"A China-based rapid-manufacturing vendor states it has supported customers developing next-generation humanoid robots since 2021, providing manufacturing support from early prototype stages through assembly validation and production preparation, including chassis frames and mounting brackets, via CNC machining.",https://www.dakingsrapid.com/robotics/,Manufacturer/vendor site (China-based custom manufacturer),unknown,supplier_marketing,fact (vendor-claimed),"No named customer, no volume, no material specified; carried over from issue #11's research (same source) as prototype-lifecycle evidence for this new anatomy-focused task","Same underlying vendor claim already recorded in issue #11's dataset (docs/research/robotics-custom-rfq-raw/), re-cited here for the lifecycle/prototype-multi-part-assembly framing specific to issue #13's schema; issue #11's folder itself is not modified"
R037,2026-09-19,US,Cobot/industrial arm/machine tending,Humanoid + cobot manufacturer supply (multi-customer precision CNC shop),prototype multi-part assembly,Structural frame; joint assembly; actuator housing; end-effector assembly,Structural frame member; joint housing; actuator housing; end-effector component,unknown,Custom,unknown,CNC machining (precision machine shop),unknown,unknown,unknown,unknown,unknown,unknown,unknown,unknown,unknown,unknown,unknown,unknown,unknown,unknown,unknown,"Ongoing production support (implied, not explicitly staged)",unknown,unknown,"Implied repeat/ongoing shop relationship (inference, not stated explicitly)",Multi-process implied (frame + joint + housing + end-effector = different geometries/processes),unknown,"A US precision CNC machine shop (Elk Grove Village, Illinois) states it machines structural frames, joint assemblies, actuator housings, and end-effector components for humanoid and collaborative robot manufacturers.",https://carrmachine.com/industries/humanized-robotics/,Manufacturer/vendor site (US CNC job shop),unknown,supplier_marketing,fact (vendor-claimed),"No named OEM customer, no volumes, no material/tolerance detail; same source already used in issue #11's dataset, re-cited for this task's multi-part-assembly framing","Same underlying vendor claim as issue #11's R002; re-cited here, issue #11's folder not modified"
R038,2026-09-19,US,Humanoid/general-purpose,Bipedal humanoid full-platform prototype,prototype multi-part assembly,"Full-body structural + actuator assembly (chassis, joints, arm, hand)","Multiple (frame, joint housings, output flanges, actuator housings)",unknown,Mixed (structural/housing parts custom-machined; reducers/motors/electronics bought-in),"Aluminum billet (7075 confirmed for upper-arm output flange, per R002)",5-axis CNC machining,unknown,unknown,unknown,unknown,unknown,unknown,unknown,unknown,unknown,unknown,unknown,unknown,unknown,unknown,unknown,"Production platform (shipping robot), used here as an example of what a full multi-part humanoid assembly looks like at the RFQ-family level",Implied by teardown source's own framing (CNC chosen specifically to allow ongoing part modification as the robot develops),unknown,unknown,Multi-process (many separately machined parts assembled into one platform),"None (machining avoids casting-tool investment, per teardown source)","Cross-reference of R002: a named, shipping humanoid platform (Unitree G1) is composed of many separately CNC-machined aluminum-billet structural/actuator parts rather than one casting, illustrating a real multi-part custom-manufacturing assembly at the full-robot level.",https://humanoid.guide/unitree-g1-teardown-reveals-actuator-and-cooling-tradeoffs/,Independent technical teardown/analysis blog,unknown,documentation_verified,fact,"No full BOM, no part count, no per-part tolerance",Cross-reference to R002 at the whole-assembly level rather than the single-part level
R039,2026-09-19,US,Humanoid/general-purpose,Cross-category (applies to any machined housing needing a serviceable threaded feature in aluminum),joint/link,unknown,Threaded insert installed into a machined aluminum housing,Helical-coil threaded insert bore,Bought-in insert installed into a custom-machined bore,unknown,unknown,Helicoil thread-insert installation,unknown,unknown,None,unknown,unknown,unknown,unknown,HELICOIL helical thread insert; rotation-angle- and torque-controlled installation for precise insertion depth; installation-tool torque adjustability cited as 0.3-2.9 Nm and 1-6.9 Nm ranges depending on tool/size,Torque- and rotation-angle-controlled insert installation to guarantee insertion depth,Insertion-depth control affects thread strength/retention,unknown,unknown,unknown,unknown,unknown,unknown,unknown,unknown,unknown,unknown,"Böllhoff's own HELICOIL installation documentation states rotation-angle- and torque-controlled installation guarantees the precise insertion depth for HELICOIL thread inserts, with installation tools offering adjustable torque ranges (0.3-2.9 Nm and 1-6.9 Nm depending on tool/size).",https://www.boellhoff.com/us-en/products/assembly-technology/installation-of-helicoil-thread-inserts/,"Component-supplier technical documentation (Böllhoff, HELICOIL OEM)",unknown,documentation_verified,fact,"Generic component-supplier spec, not tied to a specific robot part; applies wherever a robot RFQ calls for a Helicoil insert","Real, authoritative primary-supplier source for the thread/insert/fastening column across any robot housing family"
R040,2026-09-19,US,Cobot/industrial arm/machine tending,Cross-category (applies to any machined housing using self-clinching fasteners),sheet-metal enclosure,unknown,Self-clinching fastener installed into sheet metal/machined panel,unknown,Bought-in fastener installed into custom panel,unknown,unknown,unknown,unknown,unknown,None,unknown,unknown,unknown,unknown,PEM self-clinching fastener; published tightening-torque guidance available per fastener/stud/nut product,Torque applied per PEM-published tightening-torque tables (varies by product; limited axial strength on some specialty items),unknown,unknown,unknown,unknown,unknown,unknown,unknown,unknown,unknown,unknown,unknown,"PEM (self-clinching fastener OEM) publishes tightening-torque guidance for its fastener products, noting some specialty PEM items have limited axial strength with published tightening torques for studs and most nut products.",https://www.pemnet.com/resources/download-center/tightening-torque-2/,"Component-supplier technical documentation (PEM, OEM)",unknown,documentation_verified,fact,"Generic component-supplier spec, not tied to a specific robot part","Real, authoritative primary-supplier source for PEM fastening"
R041,2026-09-19,US,Humanoid/general-purpose,Cross-category (applies broadly to aerospace-adjacent robot parts requiring qualified first-article inspection),precision CNC housing,unknown,"unknown (generic FAI requirement, not tied to a single part)",unknown,unknown,unknown,unknown,unknown,unknown,unknown,unknown,unknown,unknown,unknown,unknown,unknown,unknown,unknown,First Article Inspection (FAI),unknown,AS9102 standard governs FAI as a mandatory quality-verification process in aerospace-grade manufacturing; verifies a new/modified production process produces conforming parts matching the engineering drawing,unknown,unknown,unknown,unknown,unknown,unknown,unknown,First Article Inspection (FAI) is a production-validation process verifying a new or modified production process produces conforming parts meeting the specification in the technical/engineering drawing; in aerospace contexts this is governed by the AS9102 standard.,https://en.wikipedia.org/wiki/First_article_inspection,Reference/standards summary (cites AS9102),unknown,documentation_verified,fact,Not confirmed that any specific robot-part RFQ in this dataset actually invokes AS9102-level FAI; recorded as the generic standard that would apply if an aerospace-adjacent robot program required it (e.g. defense/exoskeleton or space-robotics contexts),"Included per issue's own listed field #22 (FAI/first article requirement) as the best available real, standards-level source; no OEM-specific robot-FAI record was found"
R042,2026-09-19,US,AMR/warehouse/logistics,Cross-category (applies broadly to welded robot chassis/frames requiring qualified welding),welded frame/chassis,unknown,unknown,unknown,unknown,unknown,unknown,unknown,unknown,unknown,"Welding Procedure Specification (WPS) + Procedure Qualification Record (PQR); for aluminum robot chassis, qualification per ISO 15614 series (arc/gas welding of steels covered by Part 1; aluminum, nickel alloys, cast iron covered by other parts)",unknown,unknown,unknown,unknown,unknown,unknown,"Every deviation from a qualified WPS is replicated at scale once a robot executes the weld (industry commentary — robotic welding raises, not lowers, the need for WPS discipline)",unknown,unknown,unknown,unknown,unknown,unknown,unknown,unknown,unknown,unknown,"A Welding Procedure Specification (WPS) is a formal document describing welding procedures, supported by a Procedure Qualification Record (PQR) — a formal record of a test weld rigorously tested to ensure the procedure produces a good weld; the ISO 15614 series defines WPS-qualification testing requirements (Part 1: arc/gas welding of steels; other parts: nickel alloys, aluminum, cast iron, etc.). Trade commentary states robotic welding increases, rather than reduces, the need for WPS discipline, since every deviation from a qualified WPS is replicated across every joint the robot welds.",https://en.wikipedia.org/wiki/Welding_Procedure_Specification,Reference/standards summary (cites ISO 15614) + trade-publication commentary,unknown,documentation_verified,fact,Not confirmed that any specific robot-chassis RFQ in this dataset actually specifies ISO 15614 qualification; recorded as the generic standard that would govern a welded aluminum/steel robot chassis if required,"Included per issue's field #16 (welding requirement); a genuine, real, standards-level source rather than a fabricated per-OEM claim"
R043,2026-09-19,US,Humanoid/general-purpose,Cross-category (applies broadly to aluminum robot housings/flanges needing wear/corrosion-resistant finish),precision CNC housing,unknown,unknown,unknown,unknown,"7075-T651/T73/T7351 (7000-series aluminum, per generic material-supplier guidance)",unknown,unknown,"Type III hard-coat anodize (Type III/Hardcoat), coating thickness 0.0008-0.004 in, surface hardness approaching 60-70 HRC","7075-T73/T7351 temper recommended over T6/T651 for improved stress-corrosion-cracking resistance in humid/salty/outdoor, preloaded-part environments",unknown,unknown,unknown,unknown,unknown,unknown,unknown,"Wear resistance (repeated-motion joint surfaces) and corrosion protection, especially for outdoor/field robots",unknown,unknown,unknown,unknown,unknown,unknown,Stress-corrosion cracking in 7075 parts if T6/T651 temper used instead of T73/T7351 in humid/salty/preloaded conditions (per material-supplier guidance),unknown,unknown,unknown,"Material-supplier/anodizing-vendor technical content states Type III hard-coat anodize builds a coating 0.0008-0.004 in thick with surface hardness approaching 60-70 HRC, commonly used on robotics parts with repeated-motion wear; and that 7075-T73/T7351 is recommended over T6/T651 for improved stress-corrosion-cracking resistance in humid, salty, or outdoor environments with preloaded parts.",https://aerospacemetalsllc.com/anodizing/,Manufacturer/vendor site (aerospace-finishing specialist) + material-supplier guidance,unknown,"supplier_marketing (specific numbers); industry_estimate (temper-selection guidance, widely corroborated material-engineering practice)","fact (vendor-claimed coating spec); inference (temper recommendation applied generically to robot joints, not confirmed for a specific OEM)",No named OEM part confirmed against these exact numbers,Directly relevant to the issue's own worked example ('hard anodize' in the knee/hip joint housing worked example)
R044,2026-09-19,US,Humanoid/general-purpose,Cross-category (applies broadly to aerospace-adjacent robot programs requiring material traceability),precision CNC housing,unknown,unknown,unknown,unknown,6061-T6 / 7075 (named as the dominant structural aerospace aluminum grades),unknown,unknown,unknown,unknown,unknown,unknown,unknown,unknown,unknown,unknown,unknown,unknown,unknown,unknown,unknown,"AS9100D Level 3 = traceability to the specific raw-material lot including mill certificate/Material Test Report (most commercial aerospace programs); Level 4 = full serialized part-level traceability (military/space/flight-critical programs); mill test reports include heat numbers, chemical analysis, mechanical properties",unknown,unknown,unknown,unknown,unknown,unknown,"Aerospace-CNC-machining vendor/industry content states AS9100D requires documented supply-chain traceability from raw material to delivery; Level 3 traceability ties a finished part to its specific raw-material lot via a mill certificate/Material Test Report (required by most commercial aerospace programs), while Level 4 is full serialized traceability per part (military/space/flight-critical programs); mill test reports report heat numbers, chemical analysis and mechanical properties for a specific material heat.",https://precisionam.com/articles/uncategorized/cnc-machining-material-traceability/,"Manufacturer/vendor site (describes a real, named industry standard, AS9100D)",unknown,"supplier_marketing (vendor page); the underlying AS9100D standard itself is a real, independently-verifiable industry standard",fact (standard-level description); not confirmed that any specific robot program in this dataset actually requires AS9100D/Level 3-4 traceability,"No named robot OEM confirmed as requiring this traceability level; humanoid/robotics companies are not aerospace primes by default, so applicability to a typical robot RFQ is unconfirmed","Included per issue's field #27 (material cert/traceability); flagged clearly that this is the aerospace-industry norm, not a confirmed robotics-industry requirement"
R045,2026-09-19,US,Cobot/industrial arm/machine tending,Cross-category (applies to any bearing press-fit or threaded joint in a robot assembly),joint/link,unknown,unknown,unknown,unknown,unknown,unknown,unknown,unknown,unknown,None,unknown,unknown,unknown,Press-fit bearing bore; threaded fastener joint,unknown,"Threadlocker (anaerobic adhesive, e.g. Loctite 243 medium-strength) applied to threaded fasteners in high-vibration environments such as motors, to prevent loosening under vibration/shock/dynamic load; retaining compound (e.g. Loctite retaining compound) applied to press-fit/shrink-fit bearing bores to fill the microscopic air gap left by metal-to-metal friction fit alone, unitizing the assembly against vibration",Fastener/bearing retention under vibration and dynamic load,unknown,unknown,unknown,unknown,unknown,unknown,"Vibration-induced fastener loosening; bearing walk in an unbonded press-fit (load transferred only by friction, air gap present) without retaining compound",unknown,unknown,unknown,"Henkel/Loctite's own technical content states a threadlocker is an anaerobic adhesive securing threaded fasteners against loosening from vibration, shock, and dynamic loads (Loctite 243 cited for 0.25-0.75 in fasteners in high-vibration environments like motors); and that traditional unbonded press-fit/shrink-fit assemblies leave an air gap with load transferred only by metallic friction, which Loctite retaining compounds fill to unitize the assembly against vibration.",https://next.henkel-adhesives.com/us/en/applications/threadlockers.html,"Component-supplier technical documentation (Henkel/Loctite, OEM)",unknown,documentation_verified,fact,"Generic component-supplier spec, not tied to a specific robot part or OEM","Real, authoritative primary-supplier source for assembly requirement #18 (adhesive/threadlocker) across joint/bearing/fastener interfaces in any robot family"
R046,2026-09-19,US,AMR/warehouse/logistics,Cross-category (sealed/enclosed robot parts requiring leak verification),pressure housing/sealed enclosure,unknown,unknown,unknown,unknown,unknown,unknown,unknown,unknown,unknown,unknown,unknown,unknown,unknown,unknown,unknown,unknown,Seal integrity (no leak) verified via decay/burst method,Leak test (mass-flow / pressure-decay / burst method); functional test,"Leak-test benches for mass flow, pressure decay and function tests, with test pressures cited from vacuum to 500 bar gauge depending on the equipment line",unknown,unknown,unknown,unknown,Leak/seal failure recorded by test equipment (burst testing records the pressure at which a part fails/leaks),unknown,unknown,unknown,"Industrial test-equipment vendors describe benchtop leak-test systems for mass-flow, pressure-decay and functional testing, and burst testing that pressurizes a part with fluid or compressed air to confirm it doesn't leak, recording the failure pressure if it does; a separate vendor's leak testers cover volumes from a few mL to 1,000 L at pressures from vacuum to 500 bar gauge. This is generic industrial test-equipment capability, not confirmed as applied to a specific named robot's sealed enclosure.",https://www.cincinnati-test.com/test-instruments,Manufacturer/vendor site (industrial test-equipment supplier),unknown,supplier_marketing,"fact (vendor-claimed, generic equipment capability)",No named robot OEM/part confirmed as using this specific leak-test method or equipment,"Included per issue's fields #20/#21 (inspection method/equipment); best available real source, kept at supplier_marketing since it is equipment-vendor marketing, not a robot-OEM QC record"
R047,2026-09-19,US,Service robot,"Hospitality/delivery service robot (China-manufactured, marketed toward US/AU-style service deployments)",prototype multi-part assembly,unknown,unknown,unknown,unknown,unknown,unknown,unknown,unknown,unknown,unknown,unknown,unknown,unknown,unknown,unknown,unknown,unknown,unknown,unknown,unknown,unknown,"Production (fielded hospitality delivery robot; battery life spec given, not manufacturing RFQ detail)",unknown,unknown,unknown,unknown,unknown,"A case-study source names a Guangzhou-based supplier (Guangdong Padbot Robotics Ltd.) providing AI-driven hospitality delivery robots (room service/linen delivery) with 12-14 hour battery life, but gives no part-level material, process, or tolerance detail for the robot's own custom parts.",https://www.machining-custom.com/blog/top-10-manufacturers-and-suppliers-of-robot-parts-machining.html,Manufacturer/vendor site (aggregator/case-study page),unknown,supplier_marketing,fact (system-level only),No RFQ-anatomy-level detail (material/process/tolerance) found for this or any other named service-robot custom part,Service robot remains one of the weaker-evidenced families for part-level RFQ anatomy — flagged in coverage audit
R048,2026-09-19,US,Humanoid/general-purpose,"Cross-category (China-manufactured robot prototype batch, illustrative of revision-heavy prototype lifecycle)",prototype multi-part assembly,unknown,unknown,unknown,unknown,unknown,CNC machining (implied),unknown,unknown,unknown,unknown,unknown,unknown,unknown,unknown,unknown,unknown,"Joint stability improved and overall robot weight reduced across a design-iteration cycle (specific figures given, source/program not named)",unknown,unknown,unknown,unknown,Prototype (first batch of 5 prototypes),"First prototype batch (5 units) delivered in 9 days, with weight reduced 15% and joint stability increased in that iteration — a concrete, if unnamed, revision-cycle data point",unknown,unknown,unknown,unknown,"A China CNC-vendor case-study page claims a first batch of 5 prototypes was delivered in 9 days for an unnamed robot program, reducing the robot's overall weight by 15% while joint stability increased, illustrating a rapid prototype-iteration cycle.",https://www.machining-custom.com/blog/top-10-manufacturers-and-suppliers-of-robot-parts-machining.html,Manufacturer/vendor site,unknown,supplier_marketing,"fact (vendor-claimed, unnamed customer/program)","No named OEM, no part list, no material/tolerance","vendor-claimed; useful only as an illustrative revision-intensity data point, not attributable to any confirmed OEM"
