ID,Ngày thu thập,Quốc gia,Loại robot,Dạng robot/use case,RFQ family,Custom assembly,Custom part,Geometry/feature,Coverage cell,Bought-in vs custom,Material grade,Primary process,Secondary process,Finish/coating,Heat treatment,Welding requirement,General tolerance,Critical tolerance,GD&T,Critical interface,Bearing/shaft fit,Motor/gearbox/flange interface,Thread/insert/fastening,Assembly requirement,Critical characteristic,Inspection method,Inspection equipment,FAI requirement,Material cert/traceability,Functional/leak/pressure test,Lifecycle stage,Revision intensity,Failure/rework reason,Repeat/replacement,Single/multi-process,Tooling/NRE need,Raw claim/fact,Source URL,Source type,Publication date,Confidence,Fact/inference/hypothesis,Conflict/contradiction,Unknown/gap,Notes
R0001,2026-09-20,US/Global standard,Industrial arm/cobot,"Generic bearing-bore housing design guidance (cross-robot-category engineering reference, not tied to one OEM)",precision CNC housing,unknown,Machined housing carrying a radial bearing,Bored housing seat for stationary outer race of a radial ball/roller bearing,tolerance/GD&T x bearing-shaft fit,Custom housing; bearing itself bought-in,unknown (guidance is alloy-agnostic),CNC boring/reaming,unknown,unknown,unknown,None,IT8-IT9 achievable on a modern CNC without special tooling (~+/-0.001-0.002 in on 25 mm),H7 housing bore for stationary bearing outer race,"unknown (fit class specified, not a formal GD&T callout in this source)",Bearing outer-race seat in housing bore,H7 bore / bearing OD gives sliding installable-without-press fit (~H7/g6-H7/h6 equivalent),unknown,unknown,Bearing installed/removed without a press when housing held to H7,Housing bore roundness/size controls bearing seating and thermal-fit behavior,"unknown (bore gauge/CMM implied by fit-class control, not stated)",unknown,unknown,unknown,unknown,unknown,unknown,unknown,unknown,unknown,None (standard boring/reaming),"ISO 286-based engineering references state a CNC machine in good condition routinely holds IT8-IT9 without special tooling, and that machining the housing bore to H7 against a bearing's standard factory OD gives a sliding installable fit; thermal expansion mismatch (e.g., steel bearing H7/p6 pressed into aluminum housing) must be considered separately.",https://www.rapiddirect.com/blog/mastering-bearing-fit-tolerance/ ; https://tflbearing.com/blog/bearing-fits-shaft-housing-tolerances-guide.html,Supplier/engineering-reference technical guide (bearing fit),"2026 (page undated, retrieved 2026-09-20)","vendor-claimed (engineering-reference guide, not a named-robot OEM drawing)",fact (generic engineering guidance),none,No specific robot OEM part confirmed against this fit; generic bearing-housing engineering practice,Cross-applies to any robot joint/housing with a stationary bearing seat; diversified source vs Pass 3's single Harmonic Drive citation
R0002,2026-09-20,US,Industrial arm/cobot/humanoid,"Robot joint/actuator housing, general CNC aluminum practice",precision CNC housing,unknown,Machined aluminum actuator/joint housing,General housing body with external walls and internal bore(s),material x finish/coating,Custom,6061-T6 aluminum (most common starting choice per source),CNC machining,Type II or Type III anodize,"Type III hard anodize (MIL-A-8625F), 25-75 micron thick, black or natural","unknown (T6 temper is mill-supplied, not a separate in-house heat treat step)",None,unknown,Pre-anodize bores machined oversize/undersize to compensate: Type III film at 0.002 in default adds ~0.001 in per external surface and shrinks bores by the same amount,unknown,Bores/fit features that must retain an H7 or g6 band after anodize,unknown,unknown,unknown,unknown,Anodize rack-to-rack thickness spread (12-20 micron) can consume an entire H7/g6 tolerance band if not masked/compensated,unknown,unknown,unknown,unknown,unknown,unknown,unknown,Toleranced bore/fit feature going out of spec after hardcoat anodize if not masked or pre-compensated,unknown,Multi-process (machine + anodize),"None (standard process), but requires masking fixture for selective anodize","A Type III hardcoat anodize film at the default 0.002 in build adds roughly 0.001 in per external surface and shrinks bores by the same amount, so toleranced features must be machined to a pre-anodize dimension; when a bore carries a fit class the surface must be masked and machined to final size because the 12-20 micron rack spread on a hardcoat run leaves no room inside an H7 or g6 band. Standard CNC finish on 6061-T6 lands at Ra 0.8-1.6 micron.",https://www.epocrafter.com/machining-6061-for-anodize/,Manufacturing-platform technical guide,2026 (retrieved 2026-09-20),vendor-claimed,fact,none,Not tied to a named robot OEM part,Diversifies finish/coating evidence away from Pass 3's DakingsRapid-only hard-anodize claim
R0003,2026-09-20,Global standard (US/AU applicable),Cross-category (any CNC-machined part),First-article inspection process for CNC housings,precision CNC housing,unknown,Machined housing/structural part requiring FAI,unknown (standard applies regardless of geometry),inspection x FAI x material cert,Custom,Referenced example: Al6061-T6 block,CNC machining,Hard anodize (referenced example special process),unknown,unknown,unknown,unknown,unknown,unknown,unknown,unknown,unknown,unknown,unknown,unknown,"100% dimensional inspection against all drawing callouts on first production-representative unit, using calibrated equipment; functional and visual inspection per workmanship standard","Calibrated dimensional inspection equipment (CMM/gauges implied, not itemized in source)","AS9102 FAIR: Form 1 (part-number accountability), Form 2 (product accountability/material+process list), Form 3 (characteristic accountability/verification)","Raw material certs (e.g., Al6061-T6 block) and special-process certs (e.g., hard anodize spec number) must be listed in the FAIR package, aligned to AS9100D/ITAR where applicable",unknown,First article / start of production run,unknown,unknown,unknown,unknown,unknown,"AS9102 documents FAI on three forms (Part Number Accountability, Product Accountability, Characteristic Accountability/Verification/Compatibility Evaluation) that together record raw materials/components, dimensional measurements, special processing, and functional testing for a first production-representative unit.",https://iaqg.org/standard/9102-first-article-inspection-requirement/ ; https://saemobilus.sae.org/standards/as9102-aerospace-first-article-inspection-requirement,Standard (SAE/IAQG AS9102),"AS9102 Rev C (2014), retrieved 2026-09-20",documentation_verified,fact,none,No named robot-OEM housing FAIR example found; generic standard application,"Fills the FAI gap Pass 3 flagged for precision CNC housing (Pass 3 only had a generic AS9102 citation, not this structural detail)"
R0004,2026-09-20,US,"Legged robot (quadruped, e.g. Spot-class)","Screw-actuator upper-leg housing, patented design",precision CNC housing,Leg actuator module,Machined aluminum upper-leg body housing screw actuator + motor + nut/carrier,Internal linear-travel bore for nut/carrier assembly moving within the leg member,geometry/feature x custom part,Custom housing; motor/screw are bought-in components,"unknown (patent describes 'machined aluminum body', no alloy grade given)",CNC machining,unknown,unknown,unknown,None,unknown,unknown,unknown,Nut/carrier linear bore inside the leg housing,unknown,Motor mounted within/at the machined leg body per patent,unknown,Motor and screw actuator integrated within the machined leg body so the nut/carrier translates linearly inside it,unknown,unknown,unknown,unknown,unknown,unknown,"Production (patented, shipping quadruped platform design lineage)",unknown,unknown,unknown,unknown,unknown,"US Patent US20180172121A1 (assigned Boston Dynamics, Inc.) describes a screw actuator for a legged robot in which the motor and screw actuator are housed within a machined aluminum body forming the upper leg member, with a nut/carrier mechanism moving linearly within that housing.",https://patents.google.com/patent/US20180172121A1/en,"US patent (named OEM, Boston Dynamics)","Filed/published patent record, retrieved 2026-09-20",documentation_verified,fact,none,"No alloy grade, tolerance, or finish given in the patent text found",Named-OEM (Boston Dynamics) primary patent source; independent of Pass 3's Unitree teardown
R0005,2026-09-20,US,Humanoid/general-purpose,"Bipedal humanoid arm/leg structural housing, independent teardown",precision CNC housing,Arm/leg actuator housing and structural frame,Upper-arm output flange housing,"Output flange geometry machined from billet, not cast","process x material (repeat/cross-check of Pass-3 R002, kept for continuity)","Custom (machined billet, explicitly not cast)",Al 7075,5-axis CNC machining,unknown,unknown,unknown,None,unknown,unknown,unknown,Output flange (actuator-to-limb structural interface),unknown,unknown,unknown,unknown,Strength-to-weight under bending load at output flange,unknown,unknown,unknown,unknown,unknown,Production (shipping humanoid platform),"CNC chosen over casting specifically to allow ongoing part modification as the robot develops, implying frequent revision",unknown,unknown,"Single-process (machining only, no casting)",None (machining avoids casting tooling investment),"Independent teardown analysis states many of the Unitree G1's silver structural parts are CNC-machined from aluminum billet rather than cast, avoiding casting-tool lead time/capital and allowing ongoing part modification; the upper arm uses 5-axis machining of Al 7075 for strength-to-weight under bending at the output flange.",https://humanoid.guide/unitree-g1-teardown-reveals-actuator-and-cooling-tradeoffs/,Independent technical teardown/analysis blog,"unknown, retrieved 2026-09-20",documentation_verified,fact,none,No tolerance/GD&T/finish/inspection detail given,Retained from Pass 3 (R002) as baseline continuity reference only; not double-counted as new evidence weight
R0006,2026-09-20,US,Cobot (collaborative arm),Cobot joint module face-flange connection design,precision CNC housing,Joint module (housing + flange),"Machined joint housing with face flange, pilot bore, dowel holes","Face flange with pilot/register diameter, 2 dowel-pin locating holes, ring of axial clamp bolt holes",geometry/feature x GD&T x thread/fastening,Custom,"unknown (aluminum implied by context, not stated)",CNC machining,Reaming (dowel holes),unknown,unknown,None,unknown,Dowel-pin holes reamed to H7 tolerance or tighter,Concentricity of pilot bore relative to bolt-hole pattern controlled by GD&T position tolerance of 0.02 mm or less on good drawings,Face flange + pilot/register diameter aligning two joint-module halves,"unknown (pilot register described as cylindrical locating surface, not itself a bearing seat)",Face-flange-with-pilot pattern recommended over side-screw-against-flat for interfacing harmonic reducers/cross-roller bearings/output flanges in 20-100 Nm cobot joints,"Multiple axial clamp bolts around the flange provide stable clamp load; dowel pins provide indexing and shear backup, not primary retention","Face flange carries moment load, pilot/cylindrical surface keeps axis aligned, axial bolts provide clamp load, dowels provide precise indexing",Pilot-bore-to-bolt-pattern concentricity directly affects joint axis alignment and repeatability,unknown,unknown,unknown,unknown,unknown,unknown,unknown,Side-screw-against-a-local-flat joint connections are less reliable/harder to machine and assemble consistently than face-flange-plus-pilot-plus-dowel designs,unknown,Multi-process (mill + ream),unknown,"For collaborative arm joints in the ~20-100 Nm range, a face flange with a pilot, two locating pins and multiple axial bolts is a more reliable, easier-to-machine, easier-to-assemble design than a side screw reacting against a local flat; the critical dimension is pilot-bore-to-bolt-pattern concentricity, called out with GD&T position tolerance of 0.02mm or less, and dowel holes are reamed to H7 or tighter.",https://zanerobotics.substack.com/p/better-joint-connections-for-collaborative,Independent robotics engineering blog,"2026, retrieved 2026-09-20",documentation_verified,fact,none,Not tied to one named OEM cobot; generic engineering best-practice across cobot joint designs,Strong independent (non-vendor-marketing) source; directly answers the issue's own worked example depth target; also cross-applies to joint/structural-link family
R0007,2026-09-20,US,Cross-category,Design-for-machining prototyping practice for actuator housings and precision joints,precision CNC housing,unknown,Servo motor housing / precision joint prototypes,unknown,lifecycle x revision intensity,Custom,unknown,CNC machining (implied),unknown,unknown,unknown,unknown,unknown,unknown,unknown,unknown,unknown,unknown,unknown,unknown,unknown,unknown,unknown,unknown,unknown,unknown,Prototype,"Prototypes exist specifically to evaluate whether machining strategy is stable, whether inspection methods are practical, and whether assembly can be performed efficiently before committing to production tooling",Design changes discovered after production tooling/supply-chain commitment are far more expensive than changes made during prototyping,unknown,unknown,Production tooling/supply-chain commitments deferred until after prototype validation,"Prototypes help evaluate manufacturing readiness (machining strategy stability, inspection practicality, assembly efficiency) for complex components including servo motor housings and precision joints, because changes made during prototyping are far less expensive than changes made after production tooling and supply chain commitments are established.",https://www.fictiv.com/articles/robotics-manufacturing-processes-components-sourcing,Manufacturing-platform technical guide (Fictiv),"2026, retrieved 2026-09-20",vendor-claimed,fact,none,"Generic prototyping-value claim, not tied to a specific robot program's revision count","Fills lifecycle/revision-intensity gap Pass 3 flagged for precision CNC housing; diversifies vendor source (Fictiv, not DakingsRapid)"
R0008,2026-09-20,US,Cross-category (revolute joint housings generally),Cross-roller-bearing joint housing bore spec,precision CNC housing,unknown,Housing bore carrying a cross-roller bearing in a revolute joint,Bore for cross-roller bearing,tolerance/GD&T x critical interface,Custom housing; cross-roller bearing bought-in,unknown,CNC boring,unknown,unknown,unknown,None,unknown,Bore tolerance +/-0.0005 in (+/-0.013 mm) with cylindricity within 0.0003 in (0.008 mm),Cylindricity 0.0003 in on the bearing bore,Cross-roller bearing bore in revolute joint housing,+/-0.0005 in bore tolerance for cross-roller bearing seating,unknown,unknown,unknown,Surface finish Ra 16-32 microinch (0.4-0.8 micron) required on the bearing bore,unknown,unknown,unknown,unknown,unknown,unknown,unknown,unknown,unknown,unknown,unknown,Cross-roller bearings in revolute robot joints typically require a bore tolerance of +/-0.0005 in (+/-0.013 mm) with cylindricity within 0.0003 in (0.008 mm) and surface finish of Ra 16-32 microinch (0.4-0.8 micron).,https://www.fictiv.com/articles/robotics-manufacturing-processes-components-sourcing,Manufacturing-platform technical guide (Fictiv),"2026, retrieved 2026-09-20",vendor-claimed,fact,Numerically consistent with but independent of Pass 3's H7/h6 Harmonic Drive figures; different bearing type (cross-roller vs circular-spline flexspline),Not tied to a named OEM joint,"Second independent numeric tolerance source for joint-housing bearing bores, reducing single-vendor dependence"
R0009,2026-09-20,US,Cross-category,"Kinematic-coupling precision fixture/interface housing (adjacent precision-engineering discipline, applied here to bearing/register-bore housing tolerance context)",precision CNC housing,unknown,Precision-ground kinematic coupling housing/protrusion,Cylindrical shank + ground spherical contact surface machined into/onto a precision housing,process x inspection (repeatability),Custom,unknown,CNC machining (turning) then cylindrical grinding of spherical surfaces,Precision grinding,unknown,unknown,None,unknown,Repeatability of ~5 micron demonstrated for a 3-groove kinematic coupling fixture (ARKC),unknown,Kinematic coupling groove/ball interface,unknown,unknown,unknown,unknown,Repeatable relocation accuracy of the coupling interface,"unknown (precision metrology implied, not itemized in available snippet)",unknown,unknown,unknown,unknown,Research/precision-engineering prototype,unknown,unknown,unknown,Multi-process (turn + grind),unknown,"An MIT precision-engineering thesis on an Accurate and Repeatable Kinematic Coupling (ARKC) fixture reports the coupling achieved accuracy and repeatability of approximately 5 microns; the manufacturing sequence machines a block protrusion with cylindrical shank first, then holds the shank in a collet and cylindrically grinds the spherical contact surfaces.",https://dspace.mit.edu/handle/1721.1/8135,Academic thesis (MIT),"unknown, retrieved 2026-09-20",documentation_verified,fact,none,"Not a robot-housing part per se; adjacent precision-fixturing discipline applied by analogy, flagged explicitly","Academic primary source for repeatability/process-capability context on precision registration features, distinct from vendor marketing"
R0010,2026-09-20,US,Cross-category,Robot actuator/joint housing dowel-pin design practice,precision CNC housing,unknown,Machined housing with dowel-pin locating holes,Press-fit dowel hole (one side) + slip-fit dowel hole (mating side) for guided repeatable assembly,assembly x thread/fastening,Custom,unknown,CNC machining + reaming,unknown,unknown,unknown,None,unknown,"unknown (fit class defined per design, not numerically stated here)",Position tolerance on dowel hole location relative to mating pattern; example: SMAC LAR31 actuator holds 17 micron true-position tolerance on its dowel holes,Dowel-pin locating interface between mating housing halves/plates,unknown,unknown,"Screws clamp the actuator assembly while dowels locate it; standard pattern is one press-fit side + one slip-fit side, dowel holes finished (reamed) after other finishing processes and never removed thereafter",Note assembly orientation for repeat assembly of mating dowel pins; design for one-configuration (fool-proof) assembly where possible,Sum of hole-diameter and hole-location tolerances on both mating parts drives cumulative positioning/repeatability error,unknown,unknown,unknown,unknown,unknown,unknown,unknown,Treating dowel pins as 'last-minute insurance' rather than a designed fit/position tolerance is called out as a common design mistake,unknown,unknown,unknown,"Dowel pins should not be treated as last-minute insurance; standard GD&T logic uses one side press-fit and the mating side slip-fit for guided assembly, with hole quality controlled after finishing processes; a real high-precision actuator (SMAC LAR31 linear-rotary actuator) holds 17 micron true-position tolerance on its dowel holes.",https://www.engineersedge.com/dowel_pin.htm ; https://www.powertransmission.com/high-precision-brushless-dc-rotary-motors-optimal-for-pick-and-place-robots,Engineering reference site + named-product datasheet coverage (SMAC),"unknown, retrieved 2026-09-20",documentation_verified,fact,none,"SMAC LAR31 is a linear-rotary actuator product, not itself a robot-housing drawing; used here for the numeric fastening/locating precision it discloses","Named-product datasheet-level numeric fact (17 micron true position), independent of DakingsRapid/vendor-marketing chain"
R0011,2026-09-20,Global standard,Cross-category,Material certification/traceability requirement for machined aluminum robot parts,precision CNC housing,unknown,Machined aluminum housing/structural part,unknown,material cert/traceability,unknown,Aluminum alloys generally (standard is alloy-agnostic),unknown,unknown,unknown,unknown,unknown,unknown,unknown,unknown,unknown,unknown,unknown,unknown,unknown,unknown,unknown,unknown,unknown,"EN 10204 Type 3.1 certificate: batch/heat-level traceability, test data traceable to the specific heat (melt) and lot supplied, not general production statistics; must state heat/cast number, full chemical composition, mechanical properties, heat treatment condition, marking; original mill 3.1 required for the stock used on the job, not a certificate the machine shop creates after cutting",unknown,unknown,unknown,unknown,unknown,unknown,unknown,"EN 10204 Type 3.1 is a documentation/certification standard (not a material-property standard) requiring batch-level traceability of the exact metal shipped, traceable to the specific heat/lot; for machined parts, buyers need the original mill 3.1 certificate for the raw stock used, not a certificate generated by the machine shop after cutting.",https://www.mecomeco.com/blog/en-10204-3-1-certification-a-manufacturers-guide/ ; https://ballvalve.tech/en-10204-type-3-1-material-certificate/,Standard explainer (EN 10204),"EN 10204:2004, retrieved 2026-09-20",documentation_verified,fact,none,No named robot-OEM housing traceability record found; generic standard requirement,Fills the material-cert/traceability coverage cell largely unaddressed for this family in Pass 3
R0012,2026-09-20,US,Cross-category (industrial arm/AMR/cobot),Sensor/encoder mounting bracket general practice,bracket/mount/adapter,unknown,LiDAR bracket / stereo camera housing / F-T sensor adapter / encoder mount,"Flat mounting face with positional bolt holes, aligned to a datum face",geometry/feature x tolerance,Custom,6061-T6 aluminum (most common for robot frames/brackets/mounting plates),CNC machining,unknown,unknown,unknown,None,Most brackets need +/-0.005 in; general robotics CNC features commonly held to ~+/-0.01 mm,"Encoder mounts often need +/-0.0005 in; critical features (bearing seats, datum bores, reducer interfaces) commonly +/-0.002 to +/-0.005 mm",Flatness (no datum) and parallelism/perpendicularity (relative to datum face) both used on sensor mounting faces to control tilt and alignment for calibration accuracy,Sensor-to-bracket mounting face (must stay flat/parallel to preserve sensor calibration),unknown,unknown,unknown,Flatness/parallelism verification of mounting face required to ensure sensor alignment and calibration accuracy,Mounting-face flatness/parallelism directly affects sensor calibration accuracy,"unknown (implied CMM/surface-plate check for flatness, not itemized)",unknown,unknown,unknown,unknown,unknown,unknown,unknown,unknown,unknown,unknown,"For sensor mounts (LiDAR brackets, stereo camera housings, F/T sensor adapters, encoder mounts), tight positional tolerance is required for sensor alignment/calibration; most brackets need +/-0.005 in while encoder mounts often need +/-0.0005 in; flatness and parallelism of the mounting face relative to a datum are the GD&T controls used to guarantee this.",https://piprecision-cnc.com/blogs/cnc-machining-for-robotics ; https://www.makerstage.com/resources/flatness-vs-parallelism-vs-perpendicularity,Manufacturing-platform technical guide,"2026, retrieved 2026-09-20",vendor-claimed,fact,none,No named robot-OEM sensor-bracket drawing found; generic engineering-guide numbers,Fills Pass-3's flagged 'no specific geometry' gap for this family with concrete geometry (sensor mounting face + datum) and two independent numeric tolerance bands
R0013,2026-09-20,US,Industrial arm/cobot,Motor-mount adapter plate (motor-to-gearbox-to-joint interface),bracket/mount/adapter,unknown,Motor mount adapter plate: flat plate + bolt pattern + central pilot bore,"Flat plate, central pilot bore for motor shaft, ring of motor-mounting bolt holes, ring of joint-side bolt holes",critical interface x GD&T,Custom,unknown,CNC machining,unknown,unknown,unknown,None,unknown,Pilot-bore-to-bolt-pattern concentricity,GD&T position tolerance of 0.02 mm or less on the pilot bore relative to the bolt-hole pattern,Motor shaft/pilot bore to gearbox input alignment via the adapter plate,unknown,Adapter plate connects servo motor to gearbox and joint structure; plate tolerance determines whether motor shaft aligns properly with gearbox input,"Bolt-circle mounting pattern (e.g., named commercial example: #10-32 tapped holes on a 2 in bolt circle)",Fixture alignment during machining is critical: parts can pass individual dimension checks yet still be out of position as an assembly if fixturing is not controlled,Concentricity error between pilot bore and bolt pattern causes motor/gearbox shaft misalignment,unknown,unknown,unknown,unknown,unknown,unknown,unknown,Shops not controlling fixture alignment can produce plates that pass individual dimension checks but are out of position as an assembly (shaft misalignment),unknown,unknown,unknown,"A motor-mount adapter plate looks like a simple flat plate with a bolt pattern and central bore, but its tolerances determine whether the motor shaft aligns with the gearbox input; the critical dimension is pilot-bore-to-bolt-pattern concentricity, controlled with GD&T position tolerance of 0.02mm or less, and poor fixture alignment during machining can produce parts that pass individual checks but are out of position as an assembly.",https://roboticsandautomationnews.com/2026/02/09/7-cnc-machined-components-every-industrial-robot-depends-on/98806/,Trade press / independent technical article,2026-02-09,documentation_verified,fact,none,"Generic engineering practice, not tied to one named OEM adapter-plate drawing","Independent trade-press source (not a fabricator's own marketing page), good for diversifying source mix"
R0014,2026-09-20,US,"FRC/FTC competition robot (small custom robot, US education/maker robotics)",Named commercial motor-mount/actuator bracket product line,bracket/mount/adapter,unknown,"MAXSpline Bracket Motor Mount (flat, REV-21-2360) and Universal Motor Bracket (REV-21-2804)",2 in bolt-circle motor-mount pattern with splined bore for bearing/shaft integration; alternate universal bracket with 5 mm holes on 0.25 in pitch spacing,thread/fastening x bought-in vs custom,"Bought-in standard component (catalog part), used as a reference design for custom equivalents",Aluminum 5052 (stated for related REV ION bracket line),"unknown (catalog part; likely stamped/machined, not disclosed)",unknown,unknown,unknown,None,unknown,unknown,unknown,Motor/gearbox mounting bolt circle + splined bore for bearing/shaft,"MAXSpline bore described as accommodating bearings, shaft integration, or other MAXSpline-bore-compatible components",2 in bolt pattern sized to mount motors or gearboxes to structural tubing,"5 mm (0.196 in) holes on 0.25 in pitch horizontal spacing on the universal bracket, sized to avoid plate slippage",unknown,unknown,unknown,unknown,unknown,unknown,unknown,Production (catalog/commercial product),unknown,unknown,unknown,unknown,unknown,"REV Robotics documents named commercial motor-mount bracket products: the MAXSpline Bracket Motor Mount (flat, REV-21-2360) with a 2 in bolt pattern and MAXSpline bore for bearing/shaft integration, and the Universal Motor Bracket (REV-21-2804, material Aluminum 5052) with 5 mm holes on 0.25 in pitch spacing to avoid plate slippage.",https://docs.revrobotics.com/ion-build/structure/brackets/actuator-brackets,OEM product documentation (REV Robotics),"2026, retrieved 2026-09-20",documentation_verified,fact,none,"Process, tolerance, and finish not disclosed in available documentation",Named-OEM catalog documentation (not sales copy) diversifying bracket-family sourcing beyond generic fabricator marketing
R0015,2026-09-20,US,Cross-category,Sheet-metal bracket vs CNC-machined bracket process selection,bracket/mount/adapter,unknown,Mounting bracket / actuator cover panel / cable tray,Formed/bent flat bracket vs machined bracket with precision hole pattern,process x bought-in vs custom (process-selection logic),Custom,unknown,Sheet-metal bending (low-tolerance) or 5-axis CNC machining (high-tolerance),Hybrid option: sheet-metal body + CNC-machined precision insert for the critical interface,unknown,unknown,unknown,Sheet metal: +/-0.005 to +/-0.015 in (~+/-0.13 to +/-0.38 mm) on formed features; +/-0.3 mm or wider acceptable on hole pattern favors sheet metal,5-axis CNC can achieve true-position tolerances of +/-0.05 mm or tighter on hole patterns with careful fixturing,True position on hole pattern used as the deciding tolerance metric between process choices,"Bearing seats, precision mating interfaces, encoder brackets (require CNC or post-cast machining, not sheet metal)",unknown,unknown,unknown,unknown,Whether the bracket carries primary structural/positioning load (CNC) vs. is a non-load-bearing support part (sheet metal),unknown,unknown,unknown,unknown,unknown,unknown,unknown,unknown,unknown,Can be single-process (sheet metal only) or multi-process (sheet metal body + CNC insert),Sheet-metal bending cheaper/faster at volume; CNC avoids tooling but costs more per part at volume,"Sheet metal has a tolerance capability of about +/-0.005 to +/-0.015 in on formed features and is preferred for mounting brackets, actuator cover panels, cable trays and secondary enclosures that do not carry primary loads; 5-axis CNC machining achieves true-position tolerances of +/-0.05mm or tighter on hole patterns and is required for bearing seats, precision mating interfaces and encoder brackets; a standard hybrid approach sheet-metals the bracket body and CNC-machines a precision insert for the critical interface.",https://www.fictiv.com/articles/robotic-arm-components-manufacturing,Manufacturing-platform technical guide (Fictiv),"2026, retrieved 2026-09-20",vendor-claimed,fact,none,"Generic process-selection guidance, not a named-OEM bracket","Directly addresses issue's 'bought-in vs custom / process' cell for brackets, missing entirely from Pass 3"
R0016,2026-09-20,Global (patent),Cross-category (mobile robot/AMR/drone LiDAR mount),LiDAR vibration-damping mounting bracket,bracket/mount/adapter,unknown,Vibration-damping LiDAR mounting bracket (external frame + internal frame + vibration-isolation mounts),"External frame, internal frame carrying the electro-optic assembly, connected via vibration-isolation mount elements",geometry/feature x critical characteristic,Custom,unknown,unknown,unknown,unknown,unknown,unknown,unknown,unknown,unknown,Vibration-isolation mount between external and internal LiDAR frame,unknown,unknown,unknown,Internal frame attached to external frame specifically via vibration-isolation mounts to decouple the electro-optic scanning assembly from external/internal vibration sources,Vibration isolation performance directly affects LiDAR scan accuracy/image quality; excessive vibration amplitude can damage the scanning mirror,unknown,unknown,unknown,unknown,"unknown (vibration/dynamic test implied by design intent, not itemized)",unknown,unknown,Excessive vibration amplitude reaching the scanning mirror/electro-optic assembly is the stated design failure mode driving the isolation-mount design,unknown,unknown,unknown,"Patents (e.g., US10955530 'Systems for vibration cancellation in a lidar system', CN115542534A) describe LiDAR mounting designs with an external frame and an internal frame carrying the electro-optic/scanning assembly, connected by vibration-isolation mounts, because scanning LiDAR sensors are susceptible to external vibration (road/engine noise) and internal vibration (scanning mechanism) that can damage or misalign the scanning mirror.",https://patents.justia.com/patent/10955530 ; https://patents.google.com/patent/CN115542534A/en,"Patents (multiple, independent assignees)",US10955530 issued 2021-03-23; CN115542534A retrieved 2026-09-20,documentation_verified,fact,none,No material/process/tolerance detail disclosed in the retrievable patent summary,"Patent-sourced evidence for sensor/mount critical-characteristic cell, independent of vendor marketing; also cross-relevant to sensor/camera-mount family"
R0017,2026-09-20,US,Cross-category,Bracket finish/corrosion-protection specification,bracket/mount/adapter,unknown,6061-T6 aluminum mounting bracket/plate,unknown,finish/coating,Custom,6061-T6 aluminum (default choice for general-purpose robotics brackets),CNC machining,Anodize (Type II or Type III),"Type II or Type III anodize, sealed to block chloride-ion corrosion; typical coating thickness 0.0002-0.0005 in; critical features held to +/-0.02 mm after anodize; above ~40 micron oxide thickness natural color trends dark grey, but black anodize stays black because it layers over grey",unknown,None,unknown,+/-0.02 mm on critical features after Type II/III anodize,unknown,unknown,unknown,unknown,unknown,unknown,"Sealing of anodize pores required to actually block chloride-ion corrosion, not just cosmetic",unknown,unknown,unknown,unknown,unknown,unknown,unknown,unknown,unknown,Multi-process (machine + anodize + seal),unknown,"6061-T6 aluminum is the default choice for general-purpose robotics brackets/chassis; Type II/III anodize is applied and sealed (sealing plugs the coating's natural porosity to block chloride-ion ingress) for corrosion protection, with typical coating thickness 0.0002-0.0005 in and critical features held to +/-0.02 mm after coating.",https://www.epocrafter.com/anodizing-thickness-color-corrosion/ ; https://www.anodizing.org/specifying-anodized-aluminum/,Manufacturing-platform guide + industry association (Anodizers Council),"2026, retrieved 2026-09-20",vendor-claimed (partially corroborated by industry-association source),fact,none,Not tied to a named robot-OEM bracket part,Fills the finish/coating gap Pass 3 marked as a total absence for this family
R0018,2026-09-20,"Global (patent, China-based assignee, applicable to US/AU-sold cobots)",Cobot (collaborative arm),Integrated joint-module driving assembly with upper/lower bearing seats on output shaft,shaft/bearing seat/motor mount,Integrated joint module,"Upper bearing seat and lower bearing seat, sleeved on the output shaft, connected to opposite sides of an annular supporting platform","Two bearing seats (upper/lower) axially opposed on the output shaft, each with an embedded bearing, plus rotor/stator/speed-reduction/braking/encoding assemblies in the same housing",geometry/feature x bearing/shaft fit,"Custom housing/seats; bearings, encoder likely bought-in components",unknown,"unknown (CNC machining implied for bearing-seat bores, not stated in retrievable summary)",unknown,unknown,unknown,unknown,unknown,unknown,unknown,"Output-shaft-to-bearing-seat interface (upper and lower), each seat housing its own bearing","Output shaft passes through both upper and lower bearing seats, each with its own embedded bearing, sleeved directly on the shaft","Driving assembly integrates output shaft, rotor, stator, speed-reduction assembly, braking assembly and encoding assembly in one housing (integrated joint module architecture)",unknown,Upper and lower bearing seats connect to opposite axial sides of an annular supporting platform inside the housing,unknown,unknown,unknown,unknown,unknown,unknown,"Production (granted US patent, commercialized cobot joint module architecture)",unknown,unknown,unknown,unknown,unknown,"US Patent 12,138,784 B2 (assignee Shenzhen Yuejiang Technology Co., Ltd, 'Collaborative robot arm and joint module') discloses a driving assembly whose output shaft carries a lower bearing seat and an upper bearing seat, each housing a bearing, connected to opposite axial sides of an annular supporting platform within the joint housing.",https://patents.google.com/patent/US12138784,US patent (named OEM/assignee),"Granted patent, retrieved 2026-09-20",documentation_verified,fact,none,"No numeric tolerance, material, or process disclosed in the retrievable summary; full patent claims/spec not fetched",First named-OEM (non-vendor-marketing) primary patent source for shaft/bearing-seat family in this dataset; fills Pass 3's biggest gap flagged for this family
R0019,2026-09-20,Global (patent),Industrial robot arm,Integrated joint module with upper bearing and upper bearing seat sleeved on output shaft,shaft/bearing seat/motor mount,Integrated joint module,Upper bearing seat sleeved on output shaft,"Output shaft with rotor, stator, speed-reduction assembly, braking assembly, encoding assembly, and upper bearing seat/bearing sleeved on the shaft","geometry/feature x critical interface (independent second patent, cross-check)",Custom housing/seat; bearing/encoder bought-in,unknown,unknown,unknown,unknown,unknown,unknown,unknown,unknown,unknown,Output shaft to upper bearing seat/bearing interface,Upper bearing and upper bearing seat sleeved on the output shaft,"Driving assembly bundles output shaft, rotor, stator, reduction, braking, encoding in one integrated joint module",unknown,unknown,unknown,unknown,unknown,unknown,unknown,unknown,Production (granted patent),unknown,unknown,unknown,unknown,unknown,"US Patent 12,179,343 B2 ('Industrial robot arm and integrated joint module') describes an integrated joint module driving assembly with an output shaft, rotor, stator, speed reduction assembly, braking assembly and encoding assembly, plus an upper bearing seat and upper bearing sleeved on the output shaft.",https://patents.google.com/patent/US12179343,US patent (named OEM/assignee),"Granted patent, retrieved 2026-09-20",documentation_verified,fact,"none (companion patent to US12138784, same assignee family, industrial vs collaborative arm variant)",No numeric spec disclosed in retrievable summary,"Second, independent-claim patent from the same assignee family, strengthens (not duplicates) the joint-module bearing-seat evidence"
R0020,2026-09-20,US,Cross-category (any geared motor/actuator),Motor shaft keyway tolerance standard practice,shaft/bearing seat/motor mount,unknown,Motor output shaft with keyway; mating keyed hub/coupling,"Keyway slot on motor shaft, key, and mating keyseat in hub/coupling",tolerance x thread/fastening (keyway fit),unknown,unknown,unknown,unknown,unknown,unknown,None,NEMA MG 1 Section 4.9.2 specifies keyseat widths with positive-only tolerance,Standard motor-keyway fit uses H9 (keyway) and h9 (key) tolerances for a running fit with minimal play; Class 1 clearance fit is modern (post-1990) best practice for electric-motor service,unknown,Motor-shaft-to-hub/coupling keyway interface,"unknown (keyway fit, distinct from bearing bore fit)",unknown,Class 1 standard commercial key unless application requires Class 2,unknown,unknown,unknown,unknown,unknown,unknown,unknown,unknown,unknown,unknown,unknown,unknown,unknown,"Modern standards (post-1990) have converged on Class 1 clearance fits as best practice for electric-motor keyway service; standard fits use H9 (keyway) and h9 (key) tolerances for a running fit with minimal play, and motor keys are not generally interference-fit into the keyway (a historical ANSI B17.1-1967/NEMA MG 1 discrepancy caused confusion on this point for decades).",https://www.eng-tips.com/threads/motor-gen-shaft-keyway-keyseat-tolerance-discrepancy-between-ansi-b17-1-1967-and-nema-mg-1.461453/ ; https://industrialmonitordirect.com/blogs/knowledgebase/motor-shaft-keyway-tolerance-ansi-b171-vs-nema-mg-1-discrepancy,Engineering-forum + standards-explainer technical reference,"unknown, retrieved 2026-09-20","vendor-claimed (secondary explainer of ANSI/NEMA standards, not the standard text itself)",fact,"Historical discrepancy explicitly noted between ANSI B17.1-1967 and NEMA MG 1 on required key class -- kept as a documented conflict, not resolved",Not tied to a specific robot OEM shaft,Fills the thread/fastening x shaft-fit cell for motor shafts specifically (distinct from bearing-bore fits already covered)
R0021,2026-09-20,US,Cross-category,Servo actuator drive shaft precision grinding practice,shaft/bearing seat/motor mount,unknown,Precision-ground servo motor drive shaft,"Cylindrical shaft with radial profile, ground finish",process x tolerance (secondary process),unknown,unknown,Turning (rough),Precision grinding,unknown,unknown,None,unknown,IT5-IT6 tolerance grade on precision-ground servo drive shafts,Consistent radial profile / roundness implied by IT5-IT6 grinding tolerance,Shaft OD to bearing bore / coupling bore fit,"IT5-IT6 precision grinding reduces clearance variation, ensuring predictable fit behavior in both sliding and interference (press-fit) assemblies",unknown,unknown,unknown,Dimensional fidelity of the ground shaft directly controls whether downstream press-fit/sliding-fit assemblies behave predictably,unknown,unknown,unknown,unknown,unknown,unknown,unknown,unknown,unknown,Multi-process (turn then grind),unknown,"Servo motor drive shafts are precision ground to IT5-IT6 tolerances, ensuring consistent radial profiles with dimensional fidelity that reduces clearance variation and ensures predictable fit behavior in both sliding and interference assemblies.",https://frigate.ai/en-il/product/precision-actuator-shaft/,Component-supplier technical product page,"2026, retrieved 2026-09-20",vendor-claimed,fact,none,Not tied to a named robot OEM shaft; generic servo-shaft claim,"Diversifies shaft-tolerance sourcing (Frigate, distinct vendor) beyond bearing-housing fit numbers already captured for precision-CNC-housing family"
R0022,2026-09-20,Global standard,Cross-category (any motor-to-gearbox flange),IEC/NEMA motor mounting flange pilot-diameter/bolt-circle interface,shaft/bearing seat/motor mount,unknown,Motor mounting flange (B5/B14/C-face) mating to gearbox or joint housing,Pilot/spigot centering diameter (FE) + bolt-circle diameter (M/AJ) + shaft (U dimension),motor/gearbox flange interface x critical tolerance,Bought-in motor; custom mating housing/adapter machined to match,unknown,unknown,unknown,unknown,unknown,None,unknown,"Shaft-to-flange spigot concentricity (runout) is a defined, measurable tolerance per motor-manufacturer standard (e.g., MEZ Motors runout-tolerance spec)","unknown (concentricity/runout specified as a tolerance value, not confirmed as a formal GD&T symbol callout in the retrievable source)",Motor shaft-to-mounting-flange spigot register (centering diameter),unknown,"NEMA C-flange defined by bolt circle (AJ), rabbet/pilot diameter (AK), and shaft size (U); IEC B5/B14 flanges defined by pilot diameter (FE) and bolt circle (M); reputable manufacturers hold flange dimensions to IEC/NEMA standard within acceptable tolerance for interchangeability",Bolt-circle mounting pattern per IEC/NEMA standard series,unknown,Spigot/pilot concentricity error directly causes motor-to-gearbox shaft misalignment,unknown,unknown,unknown,unknown,unknown,unknown,unknown,unknown,unknown,unknown,unknown,"NEMA and IEC each standardize motor mounting-flange geometry (pilot/spigot diameter, bolt-circle diameter, shaft size) so that motors from different manufacturers are interchangeable within tolerance; shaft-to-flange spigot concentricity (runout) is documented as a defined, measurable tolerance by motor manufacturers.",https://www.kollmorgen.com/en-us/developer-network/nema-frame-size ; https://www.kollmorgen.com/en-us/developer-network/iec-frame-size ; https://www.mez-motors.com/downloads/Runout_tollerances.pdf,Named motor-OEM technical documentation (Kollmorgen) + motor-manufacturer runout spec (MEZ Motors),"unknown, retrieved 2026-09-20",documentation_verified,fact,none,Exact numeric runout tolerance value not extracted from the MEZ Motors PDF snippet,"Named-OEM (Kollmorgen) standards documentation for motor/gearbox flange interface, independent of vendor-marketing chain"
R0023,2026-09-20,US/Global,"Cross-category (wheeled robot/AMR, adjacent industrial precedent)",Keyed shaft-hub connection fatigue failure mechanisms under dynamic torque,shaft/bearing seat/motor mount,unknown,Keyed shaft-hub connection (motor/wheel-hub coupling),Keyway on shaft mating to keyed hub bore,failure/rework reason x critical characteristic,unknown,unknown,unknown,unknown,unknown,unknown,unknown,unknown,unknown,unknown,Keyed shaft-hub connection,unknown,unknown,unknown,unknown,Keyed connection fails either by unacceptable plastic deformation of the keyway or by fatigue of the shaft/connection under dynamic torque load,unknown,unknown,unknown,unknown,unknown,In-service (failure analysis),unknown,"Two documented failure modes: (1) plastic deformation of the keyway, (2) fatigue cracking of the shaft/connection, both driven by dynamic/cyclic torque loading; a related vehicle wheel-shaft case study documented shaft fracture originating at the end of a keyway slot, driven by fluctuating bending stress from acceleration torque changes, braking torsion/shear, and shock loading from uneven terrain",unknown,unknown,unknown,"Academic failure-mechanism literature on keyed shaft-hub connections documents two dominant failure modes under dynamic torque load: unacceptable plastic deformation of the keyway, and fatigue failure of the shaft/connection; a related published vehicle wheel-shaft case study found the shaft broke near the end of a keyway slot on the hub, driven by fluctuating bending stress from acceleration-torque changes, braking-induced torsion/shear, and shock loading from uneven terrain.",https://www.sciencedirect.com/science/article/pii/S2452321619302264 ; https://www.sciencedirect.com/science/article/abs/pii/S1350630798000223,Academic/peer-reviewed papers (ScienceDirect),"unknown, retrieved 2026-09-20",documentation_verified,fact,none,"Vehicle (not robot) case study, applied by close mechanical analogy to a wheeled-robot/AMR motor-shaft coupling; explicitly flagged as adjacent-domain evidence, not robot-specific","Fills the failure/rework-reason cell for this family with real, peer-reviewed failure-mode evidence -- one of very few genuine failure case studies in the whole Pass 4 dataset"
R0024,2026-09-20,US,Cross-category (direct-drive/geared electric machine),"Axle/shaft fatigue failure analysis, direct-drive motor context",shaft/bearing seat/motor mount,unknown,Axle/output shaft of a permanent-magnet direct-drive motor,unknown,failure/rework reason (second independent source),unknown,unknown,unknown,unknown,unknown,unknown,unknown,unknown,unknown,unknown,unknown,unknown,unknown,unknown,unknown,unknown,unknown,unknown,unknown,unknown,unknown,"In-service (failure analysis, production units)",unknown,"Premature fatigue failure of a direct-drive motor axle documented, with complete fracture occurring in one axle at approximately 3 million load cycles",Implies field replacement of failed axle after fatigue fracture,unknown,unknown,A peer-reviewed premature fatigue failure analysis of an axle in a permanent-magnet direct-drive electric locomotive documented complete fracture of one axle at approximately 3 million load cycles.,https://www.ncbi.nlm.nih.gov/pmc/articles/PMC12387781/,Academic/peer-reviewed paper (PMC),"unknown, retrieved 2026-09-20",documentation_verified,fact,none,"Locomotive axle, not a robot; applied by adjacent-domain analogy to large direct-drive robot joint/wheel motors, explicitly flagged as not robot-specific","Second independent peer-reviewed failure/fatigue data point with a concrete cycle-count number, distinct source from the ScienceDirect keyed-connection paper"
