ID,Query,RFQ family,Phase,Candidate sub cluster (normalization target),Rationale / capability mapped,Run status
Q01,robot joint housing,Joint/structural link,Phase 1 smoke test,joint housing,"Direct object term from Issue #18 smoke-test list; targets custom joint-housing machining supply, not generic robot-parts resale.","Run via WebSearch (site:alibaba.com robot joint housing). 1 genuine custom-mfg listing (joint housing, OEM/ODM) + 3 finished joint-module products (resale, excluded)."
Q02,robot actuator housing,Precision CNC housing,Phase 1 smoke test,actuator housing,Direct object term from Issue #18 smoke-test list; actuator housings are a precision-CNC-housing subtype.,"Run via WebSearch (site:alibaba.com robot actuator housing). 0 genuine listings under the plain wording; 1 finished actuator-module product (resale, excluded). Genuine signal only appeared once a process qualifier was added (see Q07)."
Q03,custom robot gripper jaw,Gripper jaw/finger,Phase 1 smoke test,eoat jaw,"Direct object term from Issue #18 smoke-test list; ""custom"" qualifier filters toward custom-manufacturing sellers over stock-catalog resale.","Run via WebSearch (site:alibaba.com custom robot gripper jaw). 0 genuine custom-jaw-machining listings; 4 finished stock gripper products (resale, excluded)."
Q04,robot sensor mount,Sensor/camera mount,Phase 1 smoke test,sensor mount,Direct object term from Issue #18 smoke-test list.,"Run via WebSearch (site:alibaba.com robot sensor mount). 0 genuine listings; 1 finished sensor-module product (resale, excluded)."
Q05,robot bearing housing,Shaft/bearing seat/motor mount,Phase 1 smoke test,bearing housing,Direct object term from Issue #18 smoke-test list.,"Run via WebSearch (site:alibaba.com robot bearing housing). 1 genuine listing (CNC-turned bearing shaft) + 1 finished bearing-kit product (resale, excluded)."
Q06,robot joint housing cnc machining,Joint/structural link,Phase 2 expansion,joint housing,Issue #18 Phase 2 example query; adds explicit CNC-machining capability qualifier to bias results toward custom-manufacturing suppliers rather than SKU/catalog resellers.,"Run via WebSearch (site:alibaba.com robot joint housing cnc machining). 2 genuine listings (1 re-hit of Q01's listing, 1 new generic housing-model listing)."
Q07,robot actuator housing aluminum cnc,Precision CNC housing,Phase 2 expansion,actuator housing,Issue #18 Phase 2 example query; material (aluminum) + process (CNC) qualifiers map directly to Issue #13/#15 material-process evidence for this family.,Run via WebSearch (site:alibaba.com robot actuator housing aluminum cnc). Best-performing query: 6 genuine listings (5 actuator/rotor-housing CNC listings -> sub-candidate SC-01; 1 mount/T-bracket listing reassigned to Bracket family -> SC-04).
Q08,custom gripper jaw machining,Gripper jaw/finger,Phase 2 expansion,eoat jaw,Issue #18 Phase 2 example query.,Run via WebSearch (site:alibaba.com custom gripper jaw machining). 0 genuine listings; re-hit of the same 3 resale gripper products as Q03.
Q09,robot motor mount cnc,Shaft/bearing seat/motor mount,Phase 2 expansion,motor mount / motor housing,Issue #18 Phase 2 example query.,"Run via WebSearch (site:alibaba.com robot motor mount cnc machining). 0 usable results at all -- every hit was an Alibaba showroom/product-insights aggregator page (Alibaba's own SEO content), zero product-detail listings surfaced. Full gap for this query."
Q10,robot bearing housing machining,Shaft/bearing seat/motor mount,Phase 2 expansion,bearing housing,Issue #18 Phase 2 example query.,"Run via WebSearch (site:alibaba.com robot bearing housing machining). 3 genuine listings (1 re-hit of Q06's generic housing-model listing, 2 new bearing-housing listings -> sub-candidate SC-02)."
Q11,robot sensor mount cnc,Sensor/camera mount,Phase 2 expansion,sensor mount,Issue #18 Phase 2 example query.,"Run via WebSearch (site:alibaba.com robot sensor mount cnc). 1 genuine listing (custom CNC sensor mount, cross-industry/fluid-control) -- below the 2-listing bar used for candidate formation."
Q12,robot welded chassis fabrication,Welded frame/chassis,Phase 2 expansion,welded robot chassis,"Issue #18 Phase 2 example query; ""fabrication"" targets weld-shop capability rather than finished-AMR resale.",Run via WebSearch (site:alibaba.com robot welded chassis fabrication). 0 genuine fabrication-service listings -- both hits were welding-ROBOT equipment for sale (false positives on the word 'robot'). Full gap; query wording flagged as ambiguous for a future pass.
Q13,robot sheet metal enclosure custom,Sheet-metal enclosure,Phase 2 expansion,sheet-metal robot enclosure,Issue #18 Phase 2 example query.,"Run via WebSearch (site:alibaba.com robot sheet metal enclosure custom). 1 genuine listing (custom sheet-metal enclosure, but a Raspberry Pi case, not a robot enclosure) -- below the 2-listing bar."
Q14,robot EOAT fixture custom,Jig/fixture/EOAT structure,Phase 2 expansion,eoat jaw / fixture,Issue #18 Phase 2 example query.,"Run via WebSearch (site:alibaba.com robot EOAT fixture custom). 1 borderline genuine listing (EOAT base frame) + 5 finished EOAT tooling/gripper products (resale, excluded) + 2 named component-supplier storefronts identified (Dongguan Jiada Automation Technology, Suzhou Crg Robotics Technology)."
Q15,robot prototype multi part machining,Prototype multi-part assembly,Phase 2 expansion,prototype assembly package,Issue #18 Phase 2 example query.,Run via WebSearch (site:alibaba.com robot prototype multi part machining). 1 genuine listing (OEM CNC-milled robot prototype) -- below the 2-listing bar.
Q16,robot bracket mount adapter cnc machining,Bracket/mount/adapter,Phase 2 expansion — additional (full 12-family coverage),bracket/mount adapter,"Issue #18 gives no explicit example query for this family; generated per the issue's own query-generation rule (object + process qualifier, not a bare category name) to give Bracket/mount/adapter the same Phase-2 coverage as the other 11 families.","Run via WebSearch (site:alibaba.com robot bracket mount adapter cnc machining). 1 genuine listing (CNC bracket/adapter, automotive object) + 1 resale tooling accessory (excluded). Combined with Q07's mount/T-bracket listing -> sub-candidate SC-04 (watchlist)."
Q17,custom robot battery enclosure machining,Battery/electronics enclosure,Phase 2 expansion — additional (full 12-family coverage),battery/electronics enclosure,No explicit example query given for this family in Issue #18; generated per the query-generation rule.,Run via WebSearch (site:alibaba.com custom robot battery enclosure machining). 2 genuine listings (generic CNC robotics-parts manufacturer; EV battery enclosure) -> sub-candidate SC-05 (watchlist) + 2 resale battery/charger products (excluded).
Q18,robot sealed pressure housing cnc machining,Pressure/sealed housing,Phase 2 expansion — additional (full 12-family coverage),sealed/pressure housing,No explicit example query given for this family in Issue #18; generated per the query-generation rule.,"Run via WebSearch (site:alibaba.com robot sealed pressure housing cnc machining). 2 genuine listings (1 re-hit of Q06/Q10's generic housing-model listing, 1 new brass pressure-housing CNC-turning listing) -- below the 2-listing bar for a dedicated candidate."
