fact_id,robot_category,buyer_user,view_enterprise_or_maker,use_case,country,raw_claim_fact,confidence,source_url
R001,Humanoid / general-purpose,OEM (automotive) via robot-as-a-service vendor,enterprise/OEM/integrator,Sheet-metal part loading / logistics sequencing on auto assembly line,US,"Figure 02 completed an 11-month pilot at BMW Spartanburg (Jan-Nov 2025), loaded 90,000+ sheet metal parts, supported 30,000+ X3 vehicles; Figure has since moved Figure 03 to logistics sequencing at the same plant.",high,https://humanoid.guide/humanoid-deployments-in-2026-favor-figure-and-agility/
R002,Humanoid / general-purpose,"3PL / logistics (GXO, Schaeffler, Toyota Canada, Mercado Libre)",enterprise/OEM/integrator,Tote-moving / logistics RaaS,US,"Agility Robotics' Digit surpassed 100,000 totes moved and 65,000+ operating hours across nine customer facilities under a RaaS contract at GXO's Flowery Branch facility; RoboFab (Salem, OR) designed for up to 10,000 Digit units/year.",medium,https://robobrief.tech/blog/humanoid-robots-2026/
R003,Humanoid / general-purpose,Warehouse operators (general),enterprise/OEM/integrator,N/A,AU,"As of end-August 2026, no Australian warehouse operator has publicly announced a live humanoid deployment, pilot or proof of concept.",medium,https://www.ascla.org/humanoids-are-coming-to-the-warehouse/
R004,Humanoid / general-purpose,Aged care operators; SME robot integrator/reseller,enterprise/OEM/integrator,Companionship / wellness robot for aged care,AU,South Melbourne startup Andromeda sells an AI companion robot 'Abi' into aged-care facilities; Dex-Lab's humanoid 'Daisy' has been used across five Sydney aged-care facilities.,medium,https://www.abc.net.au/news/2026-07-20/artificial-intelligence-testing-models-humanoids-data-centres/106928550
R005,AMR / warehouse / logistics,"3PL & e-commerce fulfillment (DHL, Geodis, Quiet Logistics/American Eagle)",enterprise/OEM/integrator,Goods-to-picker pick assistance,US,"US AMR-for-logistics market valued at US$1.8B (2024) projected to US$4.5B by 2033 (~10.2% CAGR); Locus Robotics deployed at hundreds of 3PL/retail fulfillment sites, claims 2-3x units/hour vs manual picking.",medium,https://www.gminsights.com/industry-analysis/autonomous-mobile-robots-market
R006,AMR / warehouse / logistics,3PL & e-commerce fulfillment,enterprise/OEM/integrator,Goods-to-picker pick assistance,US,"Locus Robotics claims its system 'consistently delivers 2-3x the units-per-hour of manual picking'; DHL, Geodis and Quiet Logistics (acquired by American Eagle) are named multi-site customers.",low,https://locusrobotics.com/blog/warehouse-robots-demystified-its-not-as-hard-as-you-think
R007,AMR / warehouse / logistics,Australian e-commerce / fulfilment centres,enterprise/OEM/integrator,"Order picking / warehouse automation, ASRS + AMR combined",AU,"Australian warehouse automation adoption in 2025 driven by e-commerce growth, labour shortages, and space scarcity; Robotics-as-a-Service (RaaS) and modular solutions cited as enabling smaller AU operators to adopt with lower upfront cost.",medium,https://www.australianmanufacturing.com.au/four-2025-trends-shaping-warehouse-automation-and-intralogistics/
R009,Cobot / industrial arm / machine tending,"Automotive, electronics, food & beverage manufacturers",enterprise/OEM/integrator,"Machine tending, palletizing, assembly",US,"US collaborative robot market estimated at US$133.1M (2024), projected 29.7% CAGR 2025-2030 per one source; another source cites US$653.45M (2024) growing at 19.62% CAGR to 2032. Universal Robots holds ~31% global cobot market share via its UR+ partner network (85 new certified peripherals in 2024).",low,https://www.marketsandmarkets.com/ResearchInsight/collaborative-robot-market-us.asp
R010,Cobot / industrial arm / machine tending,"Automotive, electronics, food & beverage manufacturers",enterprise/OEM/integrator,"Machine tending, palletizing, assembly",US,"US collaborative robot market projected to grow from US$653.45M (2024) to US$2,739.89M (2032), 19.62% CAGR 2025-2032; automotive, electronics and food & beverage cited as leading adopting industries.",low,https://www.grandviewresearch.com/industry-analysis/us-collaborative-robots-market-report
R011,Cobot / industrial arm / machine tending,AU SME manufacturers (10-50 employees),enterprise/OEM/integrator,"Machine tending, pick & place, palletizing, welding",AU,"AU robotics-in-manufacturing market reached 4,600 units in 2025, projected to reach 17,400 units by 2034 (15.44% CAGR 2026-2034). AU manufacturing added only 8,400 jobs in 2025 against 23,000 openings, a labour-pressure driver for automation.",medium,https://www.imarcgroup.com/australia-robotics-in-manufacturing-market
R012,Cobot / industrial arm / machine tending,AU SME manufacturers (10-50 employees),enterprise/OEM/integrator,"Machine tending, pick & place",AU,"An Australian manufacturer with 10-50 employees can reportedly deploy a cobot for under A$50,000, program it in hours, and see ROI in 12-18 months; payback periods of 8-24 months are cited as standard for AU cobot deployments.",low,https://robotsnews.com.au/collaborative-robots-cobots-in-australian-manufacturing-a-practical-guide-for-smes/
R013,Agriculture robot,"Row-crop farmers (corn, soybean, organic)",enterprise/OEM/integrator,Autonomous laser weeding + autonomous tractor supervision,US,"Carbon Robotics LaserWeeder (2nd gen, 6.5-40ft models) uses computer vision + lasers for weed elimination; in 2024 over 1M acres were treated with a competing system (John Deere See & Spray) with an average 59% reduction in herbicide use.",medium,https://roboticsandautomationnews.com/2025/09/05/agricultural-robots-precision-farming-and-autonomous-harvesting/94109/
R014,Agriculture robot,Row-crop farmers,enterprise/OEM/integrator,Retrofit autonomous tractor kit for existing John Deere 6R/8R tractors,US,"Carbon Robotics AutoTractor Kit retrofits John Deere 6R/8R tractors for 24-hour autonomous operation with no permanent modification, installs in <24h, integrates with LaserWeeder, remote 24/7 supervision center.",medium,https://www.futurefarming.com/tech-in-focus/autonomous-semi-autosteering-systems/carbon-robotics-launches-autotractor-kit-for-autonomous-john-deere-tractors/
R015,Agriculture robot,"Broadacre farmers (row crop, grazing)",enterprise/OEM/integrator,"Autonomous spray, spread, mow",AU,"SwarmFarm Robotics (founded 2015, Emerald, QLD) has 250+ autonomous robots operating over 10 million acres; three applications (Spray, Spread, Mow) are commercially finalised; raised A$31.3M over 5 rounds incl. a further A$30M raise reported Oct 2025.",high,https://www.commbank.com.au/articles/newsroom/2025/11/swarmfarm-robots-put-ag-on-global-tech-map.html
R016,Agriculture robot,Broadacre farmers,enterprise/OEM/integrator,Automated field robotics (various),AU,"Agerris (spinout led by Prof. Salah Sukkarieh, who also helped develop SwarmFarm's robotics tech) received A$6.5M seed funding from Uniseed Group to commercialise automated farm equipment.",medium,https://tracxn.com/d/companies/swarmfarm-robotics/__VtocScL1Ho1KkC2nYD6fr811xM-gHSwmVe8zTCZJgb8
R017,Inspection / field robot,"Oil & gas, utilities (bp, National Grid, GlobalFoundries)",enterprise/OEM/integrator,"Autonomous facility inspection (gauges, leaks, thermal)",US,"Global inspection-robotics-in-oil&gas market valued at US$0.84B (2025) -> US$0.93B (2026) -> US$1.51B by 2034; North America held 32.2% share in 2025. Named customers for Spot include GlobalFoundries, bp, National Grid.",medium,https://www.giiresearch.com/report/fbs1933194-inspection-robotics-oil-gas-market-size-share.html
R018,Inspection / field robot,Petronas (oil & gas),enterprise/OEM/integrator,"Hazardous-area facility inspection, ATEX/IECEx rated",Global,ANYbotics' ANYmal X (IP67) is marketed as the only legged robot able to navigate complex multi-story ATEX/IECEx-rated facilities; Petronas signed a 2022 agreement to deploy ANYmal across facilities through 2025.,low,https://www.anybotics.com/news/how-to-hire-an-industrial-inspection-robot-part-2/
R019,Inspection / field robot,"Mining (Rio Tinto, Pilbara iron ore)",enterprise/OEM/integrator,Autonomous haul trucks + autonomous rail + inspection drones/ROVs,AU,"Rio Tinto operates 130+ autonomous Komatsu 930E haul trucks (320t loaded) across Pilbara iron-ore operations; AutoHaul is described as the world's first heavy-haul long-distance autonomous rail operation (~200 locomotives, 1,700km+ of track); reported 20% productivity increase, 20% opex reduction, 90% reduction in haul-truck accidents.",medium,https://www.riotinto.com/about/innovation/automation
R020,Service robot,Hospitals (25+ US hospitals),enterprise/OEM/integrator,"Medication/supply delivery, hospital logistics",US,Diligent Robotics' Moxi built on deliveries completed across 25+ US hospitals; Moxi 2.0 (Oct 2025) uses an NVIDIA-accelerated robot foundation model; Diligent Robotics was acquired by Serve Robotics in January 2026.,medium,https://www.cbsnews.com/news/robots-hospitals-health-care-moxi/
R021,Service robot,"Restaurants, hotels, senior living, casinos, airport lounges",enterprise/OEM/integrator,"Food/beverage delivery, bussing",US,"LG Electronics moved to a planned 51% controlling stake in Bear Robotics in 2025 (after an initial $60M investment in 2024); Servi used beyond restaurants in senior living, hotels, casinos, hospitals, airport lounges.",medium,https://www.nrn.com/restaurant-technology/bear-robotics-and-softbank-join-forces-to-mass-produce-servi-foodservice-robot
R022,Service robot,Hospitality operators (NA vs Asia),enterprise/OEM/integrator,Various service robot tasks,Global,Service robot hospitality deployment cited at 20% adoption in North America vs 35% in Asia; ROI cited at 18-24 months with 20-40% labor savings.,low,https://sparkco.ai/blog/service-robot-hospitality-industry-deployment
R023,Service robot,Aged-care facilities,enterprise/OEM/integrator,"Meal/laundry transport, companionship/wellness",AU,Research study of 34 staff interactions with 10 service robots in a regional Australian aged-care facility found robots focused primarily on transporting meals and laundry.,high,https://www.nature.com/articles/s41598-025-86255-w
R024,Service robot,Aged-care / retirement living operators,enterprise/OEM/integrator,Autonomous cleaning,AU,"SIMPPLE Australia deployed autonomous cleaning robots across 80+ retirement facilities (announced Aug 2025), described by the vendor as the largest robotic fleet in New Zealand's retirement-living sector.",low,https://incleanmag.com.au/ai-and-automation-transforming-aged-care-hygiene/
R025,Maker / hobby / education robot,K-12 and university students,maker/hobbyist/startup,"Robotics competitions (FIRST, VEX)",US,"93,000+ students in 35 countries competed in the 2025 FIRST Robotics Competition season (2024 season: 3,468 teams, 28 countries, 86,700+ students, 27,700 mentors). VEX has 20,000+ total registered teams across 50+ countries; 11,500+ teams from 40 countries played in 750+ tournaments in the past year.",high,https://www.firstinspires.org/about/impact
R026,Maker / hobby / education robot,K-12 / university students,maker/hobbyist/startup,"Robotics competitions, hobby builds",AU,"No Australia-specific maker/hobby robotics participation statistics (e.g. AU FIRST/VEX team counts, AU maker-space robot-build volume) were located in this research pass.",low,https://en.wikipedia.org/wiki/VEX_Robotics
R027,Startup-built custom robot systems,Venture-backed robotics startups (2-200+ person),maker/hobbyist/startup,"Humanoid, AMR, ag-robot, inspection-robot product development",US,Humanoid-robotics startups raised US$8.6B in 2026 year-to-date (1.8x all of 2025); Figure AI raised ~US$2.34B (valued $39B); Apptronik raised $520M extension of a $415M Series A (total >$935M). North America captured $3.76B / 82.2% of all disclosed robotics-startup capital; Infrastructure Service Robots led with $2.23B across 15 deals (48.7% of capital); seed rounds were only 3 deals / 0.74% of capital.,medium,https://news.crunchbase.com/robotics/startup-venture-funding-surges-2026-data/
R028,Startup-built custom robot systems,AU robotics startups (general),maker/hobbyist/startup,N/A,AU,"No AU-specific robotics-startup funding aggregate (comparable to the US $8.6B 2026 YTD figure) was located in this research pass; AU-specific examples found were limited to individual companies (SwarmFarm, Agerris, Andromeda) rather than an aggregate market figure.",low,https://news.crunchbase.com/robotics/startup-venture-funding-surges-2026-data/
R030,"N/A (cross-category, industrial robots)","Automotive, food, metal/machinery, electrical-electronics manufacturers",enterprise/OEM/integrator,"Machine tending, assembly, material handling",US,"US industrial robot installations rose 11% YoY to 38,000 units in 2025 per IFR; food-industry adoption surged 30%; automotive remains largest adopter at 13,500 units (-1% YoY).",high,https://ifr.org/ifr-press-releases/news/us-robot-industry-returns-to-double-digit-growth
R031,"Multiple (humanoid, cobot, AMR)",OEM/integrator design engineer,enterprise/OEM/integrator,Actuator/joint design,Global,"Harmonic Drive Group Companies structure spans Japan (originator), United States, Germany and China as separate legal entities under one group — i.e. the original harmonic-drive IP holder itself has a Chinese manufacturing/sales entity.",high,https://harmonicdrive.de/en/company
R032,"Multiple (humanoid, cobot, AMR)",OEM/integrator design engineer,enterprise/OEM/integrator,"Actuator/joint design, robot arm production",CN,"Chinese-assembled heavy-load robot arms from several domestic OEMs now ship with Zhongda RV units as standard, with Nabtesco offered only as an upgrade for export/automotive configurations.",medium,https://www.evsint.com/industrial-robot-reducers-harmonic-cycloidal-rv-comparison-2026/
R033,Multiple,OEM design engineer,enterprise/OEM/integrator,Reducer procurement,Global,"Nabtesco holds ~60% global market share in RV/cycloidal precision reducers for industrial robots, with 20+ years track record in the segment.",medium,https://www.evsint.com/industrial-robot-reducers-harmonic-cycloidal-rv-comparison-2026/
R034,Humanoid,OEM/integrator,enterprise/OEM/integrator,Joint actuation (frameless / quasi-direct-drive motor),Global,"Shenzhen's robot industry chain had 179.7bn yuan total output value in 2023, spanning upstream components through downstream system integration.",low,https://robotics.techbuzzchina.com/reports/actuators-motors.html
R035,Humanoid / quadruped,Startup/maker integrator (also sold direct to hobbyists),maker/hobbyist/startup,Integrated joint/actuator module for build-your-own robot,CN,"Integrated actuator ecosystem in China now includes multiple competing suppliers (Tihu, PhyArc, RobStride, Schaeffler China) offering off-the-shelf modules rather than requiring buyers to source motor+reducer+encoder+driver separately.",medium,https://www.robohub.app/parts/robstride-04
R036,Multiple,"OEM/integrator, maker/hobbyist",maker/hobbyist/startup,Position/velocity feedback for motor control,CN,unknown,low,https://www.hopoencoder.com/top-china-encoder-manufacturer/
R037,Multiple,OEM/integrator,enterprise/OEM/integrator,Position/velocity feedback for motor control,US,"US-based EPC (Idaho) markets itself on fast lead times, in-house engineering/assembly, and customization capability for incremental and absolute rotary encoders, positioned against Chinese suppliers on speed/customization rather than price.",low,https://www.hopoencoder.com/top-rotary-encoder-manufacturers-in-the-usa/
R038,Multiple,OEM/integrator,enterprise/OEM/integrator,Precision motion / load support in joints,Global,unknown,low,https://lkpbearing.com/news/
R039,Multiple,OEM/integrator,enterprise/OEM/integrator,Precision motion / load support in joints,CN,unknown,medium,https://www.cwlbearing.com/blog/best-robot-bearing-suppliers-china-global-buyers/
R040,Multiple,OEM/integrator,enterprise/OEM/integrator,Structural housing for joints/enclosures,US,"General component-manufacturing guidance (Fictiv, a US manufacturing marketplace) states robotic-arm primary structural link bodies, actuator housings, and bearing seats/precision mating interfaces typically use CNC machining from prototype through pilot volumes, with secondary brackets moving to sheet metal.",medium,https://www.fictiv.com/articles/robotic-arm-components-manufacturing
R041,Multiple,OEM/integrator,enterprise/OEM/integrator,"Structural frame, housings, brackets",US,"6061-T6 and 7075-T6 aluminum are cited as typical CNC-machined materials for automation fixtures, housings, UAV brackets, robotics parts and aerospace structures; 7075-T6 can offer close to 2x the yield strength of 6061-T6.",medium,https://titaniumseller.com/news/aerospace-titanium-supply-chain-reshaping-3d-printing-to-domestic-production/
R042,Multiple,OEM/integrator,enterprise/OEM/integrator,"Precision structural parts, gears, shafts, fasteners",Global,"No single quantitative source was captured in this pass specifically quantifying steel/stainless/tool-steel usage ratios in robot BOMs; qualitative pattern from CNC/manufacturing-process sources is that steel and stainless are standard for gears, shafts, fasteners and high-wear parts alongside aluminum for housings.",low,https://www.fictiv.com/articles/robotic-arm-components-manufacturing
R043,Multiple (aerospace-adjacent structural parts),OEM/integrator,enterprise/OEM/integrator,High strength-to-weight structural/actuator parts,US,"US has been entirely import-dependent for titanium sponge since 2020 when the last major US production facility (Henderson, NV) shut down; China's share of global titanium metal production rose from ~40% (2019) to over 75% (2025).",high,https://www.geomechanics.io/news/article/us-titanium-capacity-squeeze-supply-chain-and-project-signals-for-engineers
R044,Multiple,OEM/integrator,enterprise/OEM/integrator,Titanium reshoring / domestic capacity,US,"IperionX announced (Sept 2025) scaling titanium production to 1,400 tons/year, commissioning targeted mid-2027, aiming to be largest/lowest-cost North American titanium powder producer; American Titanium Metal LLC announced an $868M facility in North Carolina (melting/rolling/finishing aerospace-grade titanium), potentially operational 2027.",medium,https://titaniumseller.com/news/aerospace-titanium-supply-chain-reshaping-3d-printing-to-domestic-production/
R045,Multiple,"OEM/integrator, humanoid/EV motor makers",maker/hobbyist/startup,"Permanent-magnet motors (actuators, drivetrains)",CN,"China controls ~90% of global rare-earth processing and ~85-92% of global NdFeB magnet manufacturing capacity (two sources give slightly different % ranges); non-Chinese NdFeB capacity projected to reach only ~8,000-12,000 tonnes/year by 2027-2028 (~10-12% of current global demand).",high,https://www.patsnap.com/resources/blog/articles/ndfeb-magnet-supply-chain-and-china-export-controls/
R046,Multiple,"OEM/integrator, defense-adjacent buyers",enterprise/OEM/integrator,Permanent-magnet motors,CN,"On 4 April 2025 China's Ministry of Commerce introduced export restrictions on 7 rare-earth elements (later broadened to 12 of 17 naturally occurring REEs) in response to US tariffs; the mid-stream separation/metallization step (turning concentrate into magnet-grade oxides/metals) is described as the key chokepoint, consolidated in China over ~20 years.",high,https://discoveryalert.com/china-rare-earth-magnet-exports-decline-2025/
R047,Multiple,Defense-adjacent robotics/motor makers,maker/hobbyist/startup,Domestic rare-earth magnet manufacturing,US,US Department of Defense awarded US$94.1M to E-VAC Magnetics to establish commercial-scale rare-earth permanent-magnet manufacturing in the United States.,medium,https://blogs.usfcr.com/defense-industrial-base-reshoring-opportunities
R048,Multiple,Motor manufacturers (for robot actuators),enterprise/OEM/integrator,Motor stator/rotor cores,CN,"Multiple Chinese suppliers offer motor-core laminations and non-oriented/oriented electrical steel in a range of thicknesses (0.2-0.35mm) and widths (20-1250mm); one sourcing-agent firm reports 12+ years auditing QS-9000/ISO-certified lamination factories across China, Taiwan and Korea for lower price at claimed equal quality to domestic (i.e. Western) suppliers.",low,https://sinotech.com/products/motor-components/laminations/
R049,Multiple,"OEM/integrator, hobbyist",maker/hobbyist/startup,"3D-printed structural parts, low-load brackets",Global,"For hobbyist-grade 3D-printed robot arms, PLA and PETG are described as 'affordable, easy to print with, and strong enough for structural components of most hobbyist-grade arms'.",medium,https://circuitdigest.com/articles/top-10-opensource-robotic-arms-for-beginners
R050,Multiple,OEM/integrator,enterprise/OEM/integrator,Battery pack cells for mobile robots/drones,Global,"Most drone/mobile-robot battery supply chains are global: lithium is often mined in Australia or Chile, refined in China, then manufactured into cells in Asia before reaching US drone/robot companies; Chinese companies supply ~80% of the world's battery cells.",medium,https://dronelife.com/2026/04/29/us-lithium-drone-supply-chain/
R051,Multiple,"US drone/robot battery integrators, defense buyers",enterprise/OEM/integrator,Battery pack assembly,US,"US-based drone/robot manufacturers often assemble/integrate battery packs domestically, but upstream cells frequently originate abroad; 'US battery manufacturers don't produce enough drone batteries to meet military demand, while Chinese suppliers eclipse domestic ones in both volume and cost.'",medium,https://www.batterytechonline.com/automotive-mobility/the-race-to-onshore-drone-battery-cells-for-defense
R052,Multiple,"OEM/integrator, hobbyist/maker",maker/hobbyist/startup,Prototype/low-volume structural and precision parts,Global,"For aluminum brackets, China CNC machining typically costs US$15-55/part vs US$60-150/part in the US; China prototype (1-50pcs) lead time ~3-7 working days, low-volume (50-200pcs) ~7-10 days plus 3-5 days air freight; US suppliers typically deliver in 5-14 business days. Cumulative China savings at scale often 30-50%, but 'at low quantities, US quoting efficiency and shorter setup overhead often match or beat the offshore unit price plus freight and compliance burden.'",medium,https://www.fastpreci.com/blog/sourcing-china-cnc-machining-parts/
R053,Multiple,OEM/integrator,enterprise/OEM/integrator,Prototype/low-volume structural parts,Global,"One CNC-cost-comparison source explicitly cautions: 'Many China shops accept prototype and low-volume runs, so the real difference is usually smaller than buyers expect' — i.e. the China cost advantage narrows (not disappears) at true one-off/prototype scale.",low,https://yijinsolution.com/industry-insights/china-vs-usa-cnc-machining/
R054,Multiple,"OEM/integrator, hobbyist",maker/hobbyist/startup,PCB fabrication and SMT assembly for controller/driver boards,Global,"China PCB fabrication for basic prototype orders runs ~US$10-50; for a 20-board run (5x3in, 30 BOM items, 60 SMT + 25 THT parts) per-board cost cited as ~$10 fab + $35 assembly; China PCB assembly offers a claimed 30-50% lower base cost, and even with 25-35% Section-301 tariffs (2025) still saves 15-25% for orders over 100 units.",medium,https://www.7pcb.com/blog/prototype-printed-circuit-board-pcb-assembly-prices-china
R055,Multiple,OEM/integrator,enterprise/OEM/integrator,PCB fabrication and SMT assembly for controller/driver boards,US,"'For small-batch prototyping (1-100 units), US local sourcing eliminates international shipping delays and extra tariff costs, making overall pricing more competitive for low-volume orders'; the volume crossover to China favor is cited at roughly 100-500+ units.",medium,https://leadsintec.com/china-vs-us-pcb-assembly/
R056,Multiple,"OEM/integrator, hobbyist/maker",maker/hobbyist/startup,"Injection-molded plastic parts, sheet-metal enclosures, die-cast structural parts",CN,"Multiple China-based manufacturing marketplaces/vendors (Xometry China ops, PCBWay, Qmolding, RpProto, Wayzao, UIDEA, Sung Precision Mould & Plastic) offer integrated prototype-through-low-volume services spanning CNC, injection molding, die casting, sheet-metal fabrication and 3D printing under one sourcing relationship, typically with flexible MOQs and online quoting.",medium,https://www.rpproto.com/services/low-volume-manufacturing
R057,Multiple,OEM/integrator,enterprise/OEM/integrator,Electric motor winding / assembly equipment,US,"US motor-manufacturing equipment (coil winders, taping machines, commutator undercutters, banding machines, TIG welders) is described as 'now decades old and operating well past the point where reactive maintenance can keep up' amid a reshoring wave of ~US$1.662 trillion in announced manufacturing commitments (131 companies, 32 states) since Jan 2025.",medium,https://caminnovation.com/americas-1-66-trillion-reshoring-wave-is-stress-testing-motor-manufacturing-equipment-service-capacity/
R058,Multiple,"OEM/integrator, hobbyist/maker",maker/hobbyist/startup,End-to-end robot component sourcing,CN,"'In Huaqiangbei, Shenzhen, it is possible to source all the components needed to assemble a robot in just one day'; a robot can allegedly go from prototype to small-batch production in a few days within this cluster. Cluster specialization: Dongguan focuses on volume/standardized parts, Songgang (near Shenzhen) on bespoke precision; Shenzhen robot industry chain output value was 179.7bn yuan in 2023.",low,https://corematter.substack.com/p/inside-chinas-robotics-supply-chain
R059,Multiple,OEM/integrator,enterprise/OEM/integrator,Robot manufacturing output,CN,"Shenzhen's robot industry chain had a total output value of 179.7 billion yuan in 2023, spanning upstream core components, midstream body manufacturing, and downstream system integration.",medium,https://thechinaacademy.org/the-landscape-of-chinas-robotics-industry/
R060,Multiple,OEM/integrator,enterprise/OEM/integrator,Component-level sourcing depth,CN,"Chinese firms reportedly now supply 'practically the entire robot' within local industrial clusters, including controllers, torque sensors, vision processors and high-speed drives, not just mechanical components.",low,https://corematter.substack.com/p/inside-chinas-robotics-supply-chain
R061,Multiple,US VC / policy commentators,enterprise/OEM/integrator,Robotics supply-chain competitiveness (US perspective),Global,"A US venture-capital firm's public commentary frames China's robotics supply-chain position as a competitive threat to US robotics leadership ('America cannot lose the robotics race'), reflecting how the China-advantage pattern documented at the component level (reducers, motors, magnets, PCBs, CNC) is also a live US industry/policy narrative, not just a supply-chain fact.",low,https://a16z.com/america-cannot-lose-the-robotics-race/
R062,Multiple,OEM/integrator importing from China,enterprise/OEM/integrator,Robot / robot-component import,US,"Section 301 tariffs on China add ~25% on robotics components (servo motors HTS 8501.52, power supplies HTS 8504.40, controllers HTS 8537.10); on a US$60,000 FOB-Shanghai robot this adds ~US$15,000 in duty before freight/insurance/processing fees; importing components separately does not automatically reduce total duty and can increase it if summed component duties exceed the complete-system duty.",medium,https://ventureoutsource.com/contract-manufacturing/section-301-robotics-systems-components/
R063,Multiple,OEM/integrator importing from China,enterprise/OEM/integrator,Robot / robot-component import,US,'A Chinese arm priced 40% below a Fanuc equivalent still landing 15% cheaper after duty' — i.e. Section 301 tariffs reduce but do not eliminate a Chinese-made industrial robot's price advantage over an equivalent US/Japan-made unit.,medium,https://ventureoutsource.com/contract-manufacturing/section-301-robotics-systems-components/
R064,Multiple,AU manufacturers/importers of precision components,enterprise/OEM/integrator,Precision turned metal component sourcing,AU,"Australia/Oceania sources an estimated 65-75% of precision turned metal components from overseas; China is the largest single source, supplying ~40-45% of import value in brass/steel parts; domestic AU CNC capacity is concentrated in low-volume technical/prototyping runs rather than production volume.",high,https://www.indexbox.io/store/australia-and-oceania-precision-turned-metal-components-market-analysis-forecast-size-trends-and-insights/
R065,Multiple,AU manufacturers (general),enterprise/OEM/integrator,N/A,AU,AU real manufacturing output was down 2.6% YoY to March 2025; AU PMI remained in contraction through 2025 into 2026; 80% of AU fabricators reported operating below break-even capacity benchmark per a 2024 Australian Steel Institute survey; 47% of AU industrial businesses experienced supply-chain disruptions in mid-2025 per Ai Group survey.,high,https://www.australianindustrygroup.com.au/resourcecentre/research-economics/manufacturing-in-australia-2025/
R066,Multiple,AU manufacturers (general),enterprise/OEM/integrator,N/A,AU,"Ai Group's 2026 Industry Outlook found slightly more AU businesses expected workforce shortages to worsen in 2026 than in 2025; robotics engineers, data analysts and industrial automation specialists are among the hardest positions to fill, alongside CNC machinists and industrial engineers.",medium,https://www.australianindustrygroup.com.au/resourcecentre/research-economics/manufacturing-in-australia-2025/
R067,Multiple,AU importer of record (small business),enterprise/OEM/integrator,Electronics/robotics component import compliance,AU,"Under Australia's EESS framework, the Australian importer (not the overseas factory) is the legal 'Responsible Supplier' and carries liability if customs audits find test reports inadequate — 'the penalty and any recall lands on your business, not your supplier's.' ABF increased audits of HS classification and component-level valuation in 2025.",medium,https://tftior.com/australia-ior/
R068,Multiple,AU importer,enterprise/OEM/integrator,China-Australia trade tariffs,AU,The China-Australia Free Trade Agreement (ChAFTA) had eliminated tariffs on most electronics/IT products by 1 Jan 2019; over 95% of AU tariff lines for Chinese imports are now at 0%; ABF's Equipment Traceability Management System (ETMS) pre-registration can reduce customs clearance time by 40%+ when completed before shipment.,medium,https://www.winningadventure.com.au/article/importing-electronics-from-china-to-australia
R069,Multiple,OEM/integrator,enterprise/OEM/integrator,Precision encoder sourcing,US,"No side-by-side, apples-to-apples price/lead-time comparison for equivalent US (e.g. EPC) vs Chinese absolute-encoder SKUs was located in this research pass — both sides' figures come from each side's own vendor/directory content.",low,https://www.hopoencoder.com/top-rotary-encoder-manufacturers-in-the-usa/
R070,Maker/hobbyist,Individual hobbyist / student,maker/hobbyist/startup,DIY 3D-printed robot arm build,Global,"The 'Pedro' open-source project is a fully open-source 3D-printable educational robot arm with 6 rotational joints and a parallel-jaw gripper, using 7x Feetech STS3215 serial-bus servos, with a stated build cost of approximately US$220.",medium,https://orobot.io/robots/arm
R071,"Maker/hobbyist, developer",Individual developer / small team,maker/hobbyist/startup,Open-source robot-arm dev platform with full BOM disclosure,Global,"The reBot-DevArm open-source project provides a detailed BOM with specifications and purchase links for every single screw, plus hardware blueprints/source files for both sheet-metal parts and 3D-printed parts — i.e. a maker-oriented project explicitly publishing sourcing data down to fastener level.",medium,https://github.com/Seeed-Projects/reBot-DevArm
R072,"Maker/hobbyist, small integrator",Individual / small team,maker/hobbyist/startup,Manufacturing-process selection guidance for robot-arm components,Global,A US manufacturing-marketplace guide advises that robot-arm 'primary structural link bodies and actuator housings use CNC for prototype through pilot; bearing seats and precision mating interfaces use CNC; and secondary brackets use sheet metal' — explicit process-selection guidance aimed at exactly the maker/small-integrator audience named in the issue.,medium,https://www.fictiv.com/articles/robotic-arm-components-manufacturing
R073,"Maker/hobbyist, K-12/university",Student teams (K-12 through university),maker/hobbyist/startup,"Robotics competition builds (FRC, VEX)",US,"FIRST Robotics Competition and VEX Robotics are both cited as the two dominant K-12/university robotics-competition ecosystems in the US, with FIRST citing 93,000+ 2025-season student participants and VEX citing 20,000+ total registered teams across 50+ countries (11,500+ active in the past year).",high,https://www.firstinspires.org/about/impact
R075,Startup (2-10 person),Early-stage hardware/robotics startup,maker/hobbyist/startup,AI-assisted design / CAD / BOM / fabrication workflow,Global,"No source located in this research pass specifically documents a 2-10 person robotics-startup workflow of 'idea -> AI-assisted design -> CAD -> BOM -> standard modules -> custom parts -> fabrication -> assembly -> software -> iterate' as a named, evidenced pattern (vs. the issue's own description of the hypothesized workflow). Adjacent evidence exists at the individual-maker level (Pedro, reBot-DevArm) and the well-funded-startup level (Figure, Apptronik funding data) but not for the specific 2-10 person startup segment named in the issue.",low,https://news.crunchbase.com/robotics/startup-venture-funding-surges-2026-data/
R076,"Multiple (AMR, humanoid, AV-adjacent)",OEM/integrator,enterprise/OEM/integrator,3D perception / obstacle mapping,CN,"When Hesai was founded, a comparable lidar product set cost up to US$80,000; Hesai sold equivalent products for US$40,000, helping it gain market share against Velodyne. In Jan 2026 Hesai was selected as the LiDAR partner for NVIDIA DRIVE Hyperion 10.",medium,https://equalocean.com/analysis/2020071514249
R077,"Multiple (AMR, humanoid)",OEM/integrator,enterprise/OEM/integrator,3D perception / obstacle mapping,Global,"A LiDAR-buying-guide publication frames Ouster as the American high-resolution LiDAR maker and RoboSense as the Chinese maker for autonomous vehicles/robotics, implicitly as a US-vs-China purchase decision for robotics/industrial buyers; LiDAR unit price range spans a few hundred dollars to over $20,000 depending on laser type, detector material, range and resolution.",medium,https://www.generationrobots.com/blog/en/ouster-vs-robosense-which-brand-of-3d-lidar-to-choose/
R078,Humanoid,OEM/integrator,enterprise/OEM/integrator,Edge AI compute / robot controller,CN,"Chinese humanoid robot makers are reported to be exploring RISC-V AI chips (e.g. the 'K3' chip powering 'Linglong 2.0' humanoids at a Beijing humanoid half-marathon) as an alternative to NVIDIA Jetson; separately, D-Robotics' RDK S100P offers a 128 TOPS INT8 module positioned as an alternative to Jetson Orin NX 16GB, but is currently targeted at the Chinese market only with no announced availability elsewhere.",medium,https://www.digitimes.com/news/a20260421PD231/robot-risc-v-nvidia-beijing-cpu.html
R079,"Multiple (AMR, humanoid, cobot)",OEM/integrator,enterprise/OEM/integrator,Edge AI compute / robot controller,US,"NVIDIA Jetson is described as 'the leading platform for robotics and edge AI applications', with a JetPack SDK ecosystem; it is the incumbent compute-layer standard that Chinese alternatives (D-Robotics, RISC-V K3) are explicitly positioning against.",medium,https://www.digitimes.com/news/a20260421PD231/robot-risc-v-nvidia-beijing-cpu.html
R080,"Multiple (cobot, industrial arm)",OEM/integrator,enterprise/OEM/integrator,"Robot end-of-arm tooling (grasping, part handling)",Global,"Robotiq 2F-85 gripper priced at ~US$4,200 (one source cites $5,825); OnRobot RG2 ~US$2,800-4,500 depending on configuration; Schunk PGN-plus-80 ~US$1,200-2,500 — establishing a Western-incumbent price band for adaptive/parallel grippers.",medium,https://standardbots.com/blog/the-top-5-robot-gripper-manufacturers-for-any-budget
R081,"Multiple (cobot, industrial arm)",OEM/integrator,enterprise/OEM/integrator,"Robot end-of-arm tooling (grasping, part handling)",CN,"Chinese suppliers list pneumatic and electric robot grippers explicitly marketed as similar to OnRobot and Robotiq models, at what industry commentary describes as 'competitive and cheap pricing' relative to Western brands — though no independently verified like-for-like price was located in this pass.",low,https://www.made-in-china.com/manufacturers/robot-gripper.html
R082,Multiple,OEM/integrator,enterprise/OEM/integrator,Robot BOM depth example (issue's named chain),Global,"This research pass located source-backed evidence for five of the seven links the issue explicitly names in its BOM-depth example (motor, reducer, encoder, bearing, housing — see the individual component records elsewhere in this dataset); it did NOT locate distinct, sourced evidence specifically for 'brake' or 'driver' as separate line items in a robot joint BOM.",low,https://robotics.techbuzzchina.com/reports/actuators-motors.html
R083,Humanoid / general-purpose,Warehouse/logistics operators,enterprise/OEM/integrator,Warehouse humanoid pilot,AU,"As of end of August 2026, no Australian warehouse operator has publicly announced a live humanoid deployment, pilot, or proof of concept; NASA's Valkyrie robot worked at Woodside Energy (Perth) in 2023 as an industrial (not warehouse-logistics) use case. 20+ Unitree humanoid models are available via AU distributors, A$12,800-A$302,500.",medium,https://www.ascla.org/humanoids-are-coming-to-the-warehouse/
R084,Maker / hobby / education robot,K-12 / university students,maker/hobbyist/startup,Robotics competitions (VEX),AU,VEX Robotics 2025-2026 Australian National Championships hosted 200 competitive robotics teams from across Australia competing for spots at VEX Worlds; South Australia was named the new host state for the biennial championship.,medium,https://news.vex.com/2025/03/17/australian-robotics-teams-aim-for-the-world-stage/
R085,Startup-built custom robot systems,VC-backed robotics startups,maker/hobbyist/startup,Robotics/hardware startup funding,AU,"Hardware, Robotics and IoT raised A$297M as part of total Australian startup funding in 2025; the 13 top-ranked AU robotics startups tracked by Seedtable have raised a combined US$339M to date (2026).",medium,https://www.cutthrough.com/insights/state-of-australian-startup-funding-2025
R093,Agriculture robot,Row-crop / specialty-crop farmers,enterprise/OEM/integrator,Laser/AI weeding,US,"Carbon Robotics launched a purpose-built 'large plant model' (LPM) for agriculture AI in Feb 2026, expanding its AI-powered LaserWeeder autonomous-farming product line; the US agricultural robots market is estimated at US$17.73B in 2025, projected to reach US$56.26B by 2030 (26.0% CAGR).",medium,https://www.researchandmarkets.com/articles/key-companies-in-agriculture-robots
R094,Agriculture robot,Strawberry/specialty-crop growers,enterprise/OEM/integrator,Robotic harvesting,US,Harvest CROO Robotics specializes in automating strawberry picking; FarmWise Labs offers robotic platforms for selective weeding and plant-level analytics using a machine-learning-driven approach; both are named as frontrunners in US robotic harvesting/selective crop care.,medium,https://www.imarcgroup.com/united-states-agricultural-robots-market
R095,Agriculture robot,Broadacre / row-crop farmers,enterprise/OEM/integrator,Autonomous spraying / weeding fleet,AU,SwarmFarm Robotics (Australia) develops autonomous agricultural robot fleets; LYRO Robotics (Australia) provides robotic picking and packing solutions; UTS Robotics Institute runs an agriculture-robotics research partnership aimed at Australian farm productivity/supply-chain optimization.,medium,https://www.uts.edu.au/research/centres/robotics-institute/partner-us/agriculture-robotics
R097,Inspection / field robot,Oil & gas pipeline operators; water utilities,enterprise/OEM/integrator,Crawler-based pipeline/asset inspection,US,"Approximately 58% of US oil pipeline operators adopted robotic inspection systems during 2025; more than 41% of US water utility companies integrated crawler-based inspection robots into underground pipeline assessment; pipeline intelligent inspection robot market sized at US$1.2B in 2026, projected US$4.26B by 2035 (14% CAGR).",medium,https://www.businessresearchinsights.com/market-reports/pipeline-intelligent-inspection-robot-market-115050
R098,Inspection / field robot,Utility/grid operators,enterprise/OEM/integrator,Powerline inspection,Global,"Powerline Inspection Robots Market valued at US$659.1M (2025), projected US$760.6M (2026), reaching US$3,185.8M by 2036 (15.4% CAGR); driven by grid modernization and AI-driven asset inspection.",medium,https://www.futuremarketinsights.com/reports/powerline-inspection-robots-market
R099,Service robot,Hospitals / healthcare facilities,enterprise/OEM/integrator,Delivery robot / non-clinical task automation,US,"Service robot market estimated at US$72.46B in 2026, projected to exceed US$212B by 2034; healthcare accounts for ~25% of service-robot market share; hospitals deploying delivery robots report 30-50% reduction in supply-delivery time and 15-20% decrease in nursing time on non-clinical tasks.",medium,https://www.idtechex.com/en/research-report/service-robots/1139
R100,Service robot,Commercial real estate / hospitality operators,enterprise/OEM/integrator,Commercial cleaning robot,US,"US Commercial Cleaning Robots Market reached US$657.2M in 2025, projected to reach US$3,326.6M by 2033 (22.7% CAGR), led by floor-cleaning robots (~50% share); RaaS (Robotics-as-a-Service) represents 60% of the service-robot deployment model vs 40% ownership.",medium,https://www.openpr.com/news/4551399/future-of-u-s-commercial-cleaning-robots-market-2026-market
R101,Service robot,Luxury hotel operators,enterprise/OEM/integrator,Hospitality/guest-service robot,US,"Global Hospitality Robot Market reached ~US$0.79B in 2025, projected US$0.98B in 2026 rising to US$7.05B by 2035 (24.5% CAGR); over 45% of luxury hotels have deployed service robots to enhance guest safety/operational efficiency.",low,https://www.marketresearchfuture.com/reports/hospitality-robot-market-26539
R102,AMR / warehouse / logistics,3PL / e-commerce fulfillment,enterprise/OEM/integrator,Pick-assist / goods-to-person AMR fleet,US,"Global warehouse robotics market reached US$8.2B in 2025 (45% annual growth); Locus Robotics reported deployments at 350+ sites worldwide (April 2026) and surpassed 4 billion cumulative picks; Amazon operates 750,000+ robots across its global fulfillment network; 6 River Systems (acquired by Shopify 2019, then Ocado 2023) runs the 'Chuck' collaborative-AMR model.",medium,https://standardbots.com/blog/warehouse-robotics-companies
R103,Cobot / industrial arm / machine tending,Automotive / metal-machining manufacturers,enterprise/OEM/integrator,"Machine tending (die casting, press tending, welding)",US,"US collaborative-robot market projected at ~US$2B in 2026 (global cobot market US$2.28B in 2026); Machine Tending is the highest-valuation US cobot application segment at US$850.0M; Universal Robots holds ~40% global cobot market share with 100,000+ installed units and introduced UR8 Long/UR15/UR18/UR30 models (2024-2025) targeting heavy machine-tending payload gaps in metal machining, die casting and press tending.",medium,https://robotomated.com/learn/market/cobot-adoption-manufacturing-2026
R111,Startup-built custom robot systems,2-15 person hardware-robotics startup team,maker/hobbyist/startup,CAD-to-prototype-to-BOM workflow,unknown,"Typical hardware-startup prototyping workflow: define acceptance criteria/critical dimensions before build -> CAD in Onshape/SolidWorks/Fusion -> export clean STEP (machining) or STL (additive) files for quoting -> maintain a synced Bill of Materials (BOM) with part numbers/manufacturers/specs (manual BOM re-entry per revision flagged as a common build-error source) -> use modular/off-the-shelf components (microcontrollers, sensor modules, motor controllers) where possible to reduce custom-part scope -> use cable-assembly vendors rather than build wiring in-house.",medium,https://additive3dasia.com/news/example-rapid-prototyping-workflow-hardware-startups/
R112,Startup-built custom robot systems,Solo founder / very small team,maker/hobbyist/startup,Hardware-startup team composition risk,unknown,"A solo founder building a robotics hardware company is described by investors as a 'red flag' because of the breadth of required expertise spanning mechanical, electrical, software, ML and domain knowledge; a minimum viable robotics build team is typically described as needing at least one mechanical/electrical engineer able to design a custom PCB, select actuators and build a prototype using 3D printing and CNC.",low,https://www.roboticscenter.ai/learn/how-to-start-robotics-company
R121,Humanoid / general-purpose,"OEM (own-factory internal use, Tesla); industrial pilots (Figure, Apptronik)",enterprise/OEM/integrator,Internal factory automation / industrial pilot,US,"Tesla deployed 1,000+ Optimus Gen 3 units into its own factories starting January 2026, with a stated ~100,000-unit 2026 target and 1-million/year target by 2028 (gap flagged between target and observed production: Fremont Model S/X line conversion to Optimus assembly mid-2026, initial units to internal training, commercial production timeline slipped toward late July/August 2026); Figure AI surpassed 10,000 deployments across partner warehouses; Apptronik closed a $5.3B Series A (Feb 2026, $6.2B post-money) and partners with Mercedes-Benz, NASA and Jabil.",medium,https://www.rivcut.com/manufacturing-news/humanoid-robot-factories-2026/
R124,Multiple,Manufacturing sector (all industries),enterprise/OEM/integrator,Industrial robot installation (primary IFR data),US,"US industrial robot installations rose 11% year-on-year to 38,000 units in 2025 per IFR; automotive remains the largest adopter at 13,500 units (-1% YoY); food-industry adoption surged 30%, reaching ~3,000 installations alongside metal/machinery and electrical-electronics (~3,000 each); US robot density is 307 industrial robots per 10,000 manufacturing employees; global installations grew 15% to a record 621,000 units; World Robotics 2026 full report scheduled for publication 24 September 2026.",high,https://ifr.org/ifr-press-releases/news/us-robot-industry-returns-to-double-digit-growth
R125,Mining / autonomous haulage robot,"Iron ore / copper mining operators (Rio Tinto, BHP, FMG)",enterprise/OEM/integrator,Autonomous haul truck / drilling rig fleet,AU,"Rio Tinto operates 130+ autonomous Komatsu 930E haul trucks (320t loaded) across Pilbara (WA) iron-ore operations, running 24/7 with no onboard driver; Rio Tinto, BHP and FMG together operate the world's largest autonomous-vehicle fleets, hauling billions of tonnes of iron ore with no human drivers; Australia is described as 'the undisputed world leader' in autonomous mining, operating at a scale/sophistication no other country has matched; Pilbara hosts hundreds of AI-driven haul trucks and remote-operated drilling rigs.",high,https://www.miningdoc.tech/2026/04/28/from-one-truck-to-thousands-the-global-rise-of-autonomous-mining/
R126,Mining / autonomous haulage robot,"Copper mining operator (BHP, Chile -- included as comparable operational benchmark)",enterprise/OEM/integrator,Fully autonomous open-pit mine site,AU,"BHP announced (Jan 2026) that its Escondida Norte copper pit is fully autonomous: 33 trucks and 11 drills operate 24/7, moving ~350,000 tonnes/day (30% of site output); BHP, Rio Tinto and Caterpillar launched a trial of two Cat 793 XE Early Learner battery-electric haul trucks at a WA Pilbara mine site in 2026 as an industry-first collaboration.",high,https://www.sec.gov/Archives/edgar/data/0000863064/000086306426000033/ex7d23caterpillar_mr.htm
R128,Maker / hobby / education robot,Hobbyist CNC/3D-printing community,maker/hobbyist/startup,Hobby fabrication tool choice,Global,"In a survey of 300+ hobby CNC enthusiasts, CNC mills/routers made up ~70% of machines owned, with 3D printers and lathes following as secondary choices.",low,https://www.cnccookbook.com/heres-scoop-machines-hobby-cncers-theyre-making/
R135,Multiple,VC-backed robotics/humanoid startups,enterprise/OEM/integrator,Startup funding (2026 aggregate),US,"Global robotics-startup funding reached US$18.8B in 2026 (vs US$15B for the full year 2025); some trackers report robotics companies raising as much as US$55.8B in 2026 depending on methodology (kept as a separate, materially different figure per the raw-data rule, not merged/averaged); humanoid-robot startups alone raised US$8.6B in 2026, 1.8x all of 2025; the US leads humanoid-startup funding with US$3.02B and 28 startups (vs China's 26); Figure AI has raised ~US$2.34B (US$39B valuation); Apptronik raised a $520M Series A Extension; Skild AI raised $1.4B.",medium,https://news.crunchbase.com/robotics/startup-venture-funding-surges-2026-data/
R136,Service robot,Aged-care residential facility operator (mecwacare),enterprise/OEM/integrator,Companion / eldercare robot,AU,"Andromeda Robotics (Melbourne) and mecwacare completed Australia's largest rollout of humanoid companion robots in aged care: 22 'Abi' robots operating full-time across all mecwacare residential homes, supporting 1,500+ residents; Abi is fluent in 90 languages, recognizes faces, remembers past conversations, and participates in group activities; positioned explicitly as working alongside care staff, not replacing them.",high,https://hellocare.com.au/australias-largest-rollout-of-humanoid-companion-robots-signals-new-era-in-aged-care/
R137,Inspection / field robot,Offshore energy / subsea infrastructure operators,enterprise/OEM/integrator,Underwater ROV/AUV inspection,Global,"Offshore AUV/ROV market valued at US$4.11B in 2026, projected to reach US$6.78B by 2031 (10.54% CAGR); Oceaneering International holds ~22% global market share; other named leaders: Teledyne Technologies, Kongsberg Gruppen, Saab Seaeye, Fugro; North America is named as a significant region for this sector (not further quantified).",medium,https://www.mordorintelligence.com/industry-reports/offshore-auv-rov-market
R139,Cobot / industrial arm / machine tending,"Manufacturing SMEs (food processing, packaging)",enterprise/OEM/integrator,Cobot adoption for cost-effective automation,AU,"Australia's robotics-in-manufacturing installed base reached 4.6 thousand units in 2025, projected to reach 17.4 thousand units by 2034 (15.44% CAGR); Australian Cobotics Centre (ARC-funded industry training/transformation centre) is a dedicated national research body for collaborative robotics in advanced manufacturing; cobot rental is available in the AU market at A$1,000-3,000/month including maintenance/software/support, explicitly lowering the SME adoption barrier; research on Australian-SME adoption found 'innovativeness' as the most significant adoption factor and presence of an internal 'project champion' as the second.",medium,https://www.imarcgroup.com/australia-robotics-in-manufacturing-market
R146,Startup-built custom robot systems,Hardware startup (concept to pre-production),maker/hobbyist/startup,Prototype cost budgeting,US,"US hardware-prototype cost bands (2026): proof-of-concept US$2,000-8,000; functional prototype US$5,000-15,000; pre-production (final-spec-matching) prototype US$10,000-30,000; most consumer-hardware programs land at US$5,000-25,000 for a first meaningful prototype, then a similar amount again across 2-3 iterations; small-batch manufacturing runs US$15-80/unit depending on complexity, with typical minimums starting at 20 units; average BOM cost has risen ~12% due to specialized-semiconductor and materials cost increases; standard budgeting guidance adds a 25% contingency to engineering-labor estimates.",medium,https://calcix.net/guides/business-startup/hardware-product-development-budgeting-guide
R148,Multiple,Government research agency (CSIRO),enterprise/OEM/integrator,"Cross-sector robotics R&D (agriculture, mining, manufacturing, defence, energy)",AU,"CSIRO Robotics (Brisbane, Queensland) is Australia's national-science-agency robotics R&D body, partnering with companies/government/industry in Australia and globally across agriculture, advanced manufacturing, mining, biodiversity/biosecurity, environmental monitoring and cultural heritage; 2026 initiatives include repurposing mining-derived autonomous robots for solar-farm inspection/maintenance, an EPE-CSIRO defence/security robotics testing facility (MILTECS, Pullenvale) serving defence/law-enforcement/agriculture/manufacturing/mining, and a A$10M Green Metals Innovations Network (co-led with the Heavy Industry Low-carbon Transition CRC) for sustainable-mining robotics/automation.",high,https://research.csiro.au/robotics/
R149,Humanoid / general-purpose,Global humanoid-robot buyers,enterprise/OEM/integrator,"Humanoid unit shipments (OEM-level, not SKU)",Global,"Unitree Robotics (Hangzhou) became the world's top humanoid seller in 2025, revenue surging to 1.71B yuan (~US$250M) in 2025 from 392M yuan (~US$57M) in 2024; CEO Wang Xingxing forecasts 10,000-20,000 unit deliveries in 2026; over 40% of Unitree's revenue is generated overseas; Unitree filed for a Shanghai IPO (US$610M) in March 2026 and completed a blockbuster market debut in August 2026. UBTech (founded 2012, first humanoid company to go public, 2023) produced ~1,000 humanoid units in 2025 and has run at a loss since at least 2020.",high,https://www.trendforce.com/presscenter/news/20260409-13007.html
R155,Startup-built custom robot systems,Pre-seed/seed hardware-robotics founders,maker/hobbyist/startup,Accelerator/incubator support,US,"HAX (part of SOSV) is named as one of the few accelerators purpose-built for hardware/robotics, headquartered in Newark, NJ with deep Shenzhen engineering-support roots and an SF presence; provides up to US$500,000 early investment plus daily hands-on engineering support via a 6-month 'build-first' residency (focus: industrial automation, robotics, advanced materials, climate/health hardware, 'atoms + AI'); since opening its Newark site (spring 2024), HAX has backed 50+ startups, created 160+ jobs, and those companies have collectively raised $60M+ in follow-on funding. Y Combinator's recent batches are described as having become 'unmistakably physical-AI heavy.'",medium,https://www.peony.ink/blog/hardware-accelerators
R157,Startup-built custom robot systems,Hardware/robotics startups and OEMs,maker/hobbyist/startup,On-demand manufacturing marketplace (CNC/3D-print/injection-molding sourcing),US,"Xometry, Protolabs and Fictiv are the three most-cited on-demand/digital manufacturing marketplaces used by US hardware/robotics startups, spanning CNC machining, 3D printing, injection molding and sheet metal; Fictiv is specifically named as building parts for robots, with Amazon Robotics cited as a client.",medium,https://en.wikipedia.org/wiki/Xometry
R159,Multiple,Robotics OEMs / startups (component sourcing),enterprise/OEM/integrator,Local component-cluster sourcing speed,China,"Shenzhen's hardware ecosystem enables robotic-arm prototyping in days rather than months, attributed not just to price but to suppliers' comfort with short development cycles and frequent design changes -- a structural speed/flexibility advantage distinct from (and compounding) the raw cost advantage documented elsewhere in this dataset.",medium,https://corematter.substack.com/p/inside-chinas-robotics-supply-chain
R161,Service robot,Food delivery platforms / university campuses / retailers,enterprise/OEM/integrator,Sidewalk last-mile delivery robot,US,"Sidewalk delivery-robot fleets (Yango, Starship, Serve Robotics, Cartken, Coco) grew 3.2x from 2025 to Q2 2026; 30+ US states had delivery-robot laws enabling wider deployment as of early 2026; Starship reports 9M+ autonomous deliveries, 2,700+ robots, 150+ locations including 60+ US university campuses, targeting 12,000+ robots by 2027; Serve Robotics (spun out of Uber, 2021) deployed 1,000 3rd-gen robots by 2025, partnered with Uber Eats; Kiwibot rebranded to Robot.com (2025), 500+ robots across US/Canada/Middle East via Sodexo/Grubhub/Aramark partnerships; Coco Robotics targets 10,000 robots by end of 2026.",medium,https://cxtms.com/blog/autonomous-delivery-robots-beyond-sidewalks-state-laws-last-mile-2026
R162,Exoskeleton / wearable robot,"Automotive/aerospace manufacturers, logistics/warehouse operators",enterprise/OEM/integrator,Passive/active exoskeleton for ergonomic support,US,"US exoskeleton market sized at US$1.02B in 2026 (North America overall projected US$1.37B in 2026); manufacturing (notably automotive/aerospace) accounts for 68% of exoskeleton shipments/revenue within the industrial segment, followed by construction, oil/gas, energy/utilities, agriculture and mining; upper-body exoskeletons hold 45.74% product-type share in 2026; NASA, Boeing and GM have deployed passive exoskeletons as standard warehouse-operations equipment; Toyota has deployed hundreds of Levitate Technologies-designed exoskeleton suits across US manufacturing plants.",medium,https://www.fortunebusinessinsights.com/wearable-robotic-exoskeleton-market-104664
R167,Agriculture robot,Row-crop and specialty-crop farm operators,enterprise/OEM/integrator,Labor-shortage-driven automation demand,US,"US farm-labor shortage is explicitly and repeatedly named in agricultural-policy sources as the primary demand driver behind agricultural-robot adoption (weeding, harvesting, irrigation, crop monitoring), directly reinforcing this pass's earlier Carbon Robotics/Harvest CROO/FarmWise records (Round 2) with the underlying labor-economics driver rather than just the product-level adoption facts.",medium,https://news.ncsu.edu/2026/09/policy-and-automation-are-key-solutions-to-ag-labor-shortages/
R169,Multiple,Manufacturing sector (cross-country),enterprise/OEM/integrator,Industrial robot density (primary IFR comparison data),Global,"South Korea has the world's highest robot density at 1,220 robots per 10,000 manufacturing employees (7% average annual growth since 2019); Germany ranks 3rd globally at 449; Japan is close behind at 446; Western Europe overall reached a record 267 robots/10,000 employees in 2024 vs North America's 204 and Asia's 131; China's robot density is 166/10,000 employees, growing 17% YoY. (Cross-reference: this pass's earlier US-specific record, Round 5, put US density at 307/10,000 manufacturing employees -- both figures are IFR-sourced but from different reports/base populations and are kept as separate records rather than reconciled, per the raw-data rule, since the exact denominator population may differ between 'US manufacturing employees' and the cross-country comparison set.)",high,https://ifr.org/ifr-press-releases/news/global-robotics-race-korea-singapore-and-germany-in-the-lead
R170,Multiple,Manufacturing/logistics/warehouse employers,enterprise/OEM/integrator,Robotics/automation workforce training response,AU,AU government policy response includes: JobTrainer Fund allocations for logistics-specific qualifications; an Industry Reference Committee developing new competency standards; regional skills-training programs and warehouse-automation apprenticeship pathways; a March 2026 A$66M Cooperative Research Centres Projects grant round (27 projects) with Round 18 explicitly prioritizing robotics/automation; and a broader A$1.2B Digital Economy Strategy that includes robotics workforce development and digital-skills training.,medium,https://austlogistics.com.au/wp-content/uploads/2026/04/Submission-260428-2026-Draft-Industry-Skill-Australia-Workforce-Planning.pdf
