fact_id,subsystem,component,china_advantage_signal,supplier_company,supplier_country_region,raw_claim_fact,confidence,fact_hypothesis_inference,missing_unknown,source_url,source_type
R032,Motion / actuator,Reducer (RV / cycloidal gearbox),Zhongda Leader and Zhenkang combined exceed 30% share of Chinese-assembled industrial robot production (2025); their RV reducers priced ~35-55% of comparable Nabtesco units.,Zhongda Leader (中大力德); Zhenkang (浙江振康),China,"Chinese-assembled heavy-load robot arms from several domestic OEMs now ship with Zhongda RV units as standard, with Nabtesco offered only as an upgrade for export/automotive configurations.",medium,fact,Exact price figures not independently verified against Nabtesco list pricing in this pass,https://www.evsint.com/industrial-robot-reducers-harmonic-cycloidal-rv-comparison-2026/,industry publication
R034,Motion / actuator,Servo / frameless motor,"Chinese frameless-motor challengers (Inovance, Step Electric, Dongjie Zhikong) are 'ramping capacity rapidly'; best Chinese humanoid-grade frameless units approach foreign torque-to-weight benchmarks (2-5 Nm/kg) at a claimed 30-50% lower cost.","Kollmorgen (US); Maxon (CH); Inovance, Step Electric, Dongjie Zhikong (CN)",US/Switzerland incumbents; China challengers,"Shenzhen's robot industry chain had 179.7bn yuan total output value in 2023, spanning upstream components through downstream system integration.",low,fact,Independent benchmark testing not cited in source — treat torque/cost figures as industry-tracker estimate,https://robotics.techbuzzchina.com/reports/actuators-motors.html,industry publication (China-focused tracker)
R035,Motion / actuator,Integrated actuator / joint module (motor+reducer+encoder+driver in one unit),"RobStride sells integrated quasi-direct-drive (QDD) joint modules (e.g. RobStride 04) starting around US$260, explicitly positioned as a drop-in lower-cost alternative to the US-made T-Motor AK80 series.",RobStride Dynamics,China,"Integrated actuator ecosystem in China now includes multiple competing suppliers (Tihu, PhyArc, RobStride, Schaeffler China) offering off-the-shelf modules rather than requiring buyers to source motor+reducer+encoder+driver separately.",medium,fact,none,https://www.robohub.app/parts/robstride-04,hobbyist/maker parts directory
R036,Motion / actuator,Encoder (absolute rotary),Chinese absolute-encoder prices range ~US$50-171 across 12-24 bit single/multi-turn models; typical Chinese-supplier lead times cited at 10-20 days.,Hengxiang; Hopo Technologies; Lanbao,China,unknown,low,supplier-claimed,none,https://www.hopoencoder.com/top-china-encoder-manufacturer/,supplier-claimed / industry directory
R038,Motion / actuator,"Bearing (crossed-roller, angular contact, linear)","Most top global bearing brands including THK already have production bases and R&D centers inside China; separately, Chinese makers such as LKPB claim products that can 'completely replace' INA/IKO/THK/FAG/SKF/KAYDON for robotics applications.","THK (JP); LKPB, ZWZ, LYC, HRB, TMB, Wanxiang Qianchao, C&U (CN)","Japan (THK, with CN production base) + independent CN makers",unknown,low,supplier-claimed,none,https://lkpbearing.com/news/,supplier-claimed (bearing vendor)
R039,Motion / actuator,"Bearing (crossed-roller, precision)","China's bearing industry is described as 'large and highly fragmented', ranging from commodity manufacturers to precision/custom OEM producers; not every supplier meets international standards — 'some encounter inconsistent quality or delivery delays.'",Various (fragmented industry),China,unknown,medium,fact,none,https://www.cwlbearing.com/blog/best-robot-bearing-suppliers-china-global-buyers/,supplier-claimed / industry directory
R043,Mechanical structure; Motion / actuator,Structural/actuator components,US (import-dependent for sponge),unknown,unknown,"US has been entirely import-dependent for titanium sponge since 2020 when the last major US production facility (Henderson, NV) shut down; China's share of global titanium metal production rose from ~40% (2019) to over 75% (2025).",high,fact,none,https://www.geomechanics.io/news/article/us-titanium-capacity-squeeze-supply-chain-and-project-signals-for-engineers,industry publication
R045,Motion / actuator; Power,Motor magnets,China controls ~85-92% of global NdFeB magnet manufacturing capacity,unknown,China,"China controls ~90% of global rare-earth processing and ~85-92% of global NdFeB magnet manufacturing capacity (two sources give slightly different % ranges); non-Chinese NdFeB capacity projected to reach only ~8,000-12,000 tonnes/year by 2027-2028 (~10-12% of current global demand).",high,fact,none,https://www.patsnap.com/resources/blog/articles/ndfeb-magnet-supply-chain-and-china-export-controls/,industry/IP analytics publication
R046,Motion / actuator; Power,Motor magnets,China broadened NdFeB/rare-earth export restrictions to 12 of 17 REEs (2025),unknown,China,"On 4 April 2025 China's Ministry of Commerce introduced export restrictions on 7 rare-earth elements (later broadened to 12 of 17 naturally occurring REEs) in response to US tariffs; the mid-stream separation/metallization step (turning concentrate into magnet-grade oxides/metals) is described as the key chokepoint, consolidated in China over ~20 years.",high,fact,none,https://discoveryalert.com/china-rare-earth-magnet-exports-decline-2025/,industry/financial commentary
R048,Motion / actuator; Power,Motor lamination core,Dense CN electrical-steel-lamination supplier base with sourcing-agent claiming equal quality at lower price vs domestic,"China (Yahe, SiliconSteelPro, Jiangyin Chuangjia, Leicong, and others)",China,"Multiple Chinese suppliers offer motor-core laminations and non-oriented/oriented electrical steel in a range of thicknesses (0.2-0.35mm) and widths (20-1250mm); one sourcing-agent firm reports 12+ years auditing QS-9000/ISO-certified lamination factories across China, Taiwan and Korea for lower price at claimed equal quality to domestic (i.e. Western) suppliers.",low,supplier-claimed,No independent lab comparison of core-loss/quality between CN and US/domestic laminations found,https://sinotech.com/products/motor-components/laminations/,supplier-claimed (sourcing agent)
R050,Power,Battery cell / pack,China cell manufacturers supply ~80% of world's battery cells,unknown,"China (cell manufacturing); Australia/Chile (lithium mining, upstream)","Most drone/mobile-robot battery supply chains are global: lithium is often mined in Australia or Chile, refined in China, then manufactured into cells in Asia before reaching US drone/robot companies; Chinese companies supply ~80% of the world's battery cells.",medium,fact,none,https://dronelife.com/2026/04/29/us-lithium-drone-supply-chain/,industry publication
R052,Mechanical structure,Housing / bracket / structural link,China CNC part cost ~US$15-55 vs US ~US$60-150 for aluminum bracket,unknown,unknown,"For aluminum brackets, China CNC machining typically costs US$15-55/part vs US$60-150/part in the US; China prototype (1-50pcs) lead time ~3-7 working days, low-volume (50-200pcs) ~7-10 days plus 3-5 days air freight; US suppliers typically deliver in 5-14 business days. Cumulative China savings at scale often 30-50%, but 'at low quantities, US quoting efficiency and shorter setup overhead often match or beat the offshore unit price plus freight and compliance burden.'",medium,supplier-claimed,none,https://www.fastpreci.com/blog/sourcing-china-cnc-machining-parts/,supplier-claimed (CNC vendor blog)
R053,Mechanical structure,Housing / bracket / structural link,China cost advantage at true prototype/one-off scale is smaller than commonly assumed,unknown,unknown,"One CNC-cost-comparison source explicitly cautions: 'Many China shops accept prototype and low-volume runs, so the real difference is usually smaller than buyers expect' — i.e. the China cost advantage narrows (not disappears) at true one-off/prototype scale.",low,fact,none,https://yijinsolution.com/industry-insights/china-vs-usa-cnc-machining/,industry publication (CNC vendor-adjacent)
R054,Compute / controller; Communication,PCB / controller board,"China PCB fab+assembly ~30-50% lower base cost than US even after tariffs, for 100+ unit orders",unknown,China,"China PCB fabrication for basic prototype orders runs ~US$10-50; for a 20-board run (5x3in, 30 BOM items, 60 SMT + 25 THT parts) per-board cost cited as ~$10 fab + $35 assembly; China PCB assembly offers a claimed 30-50% lower base cost, and even with 25-35% Section-301 tariffs (2025) still saves 15-25% for orders over 100 units.",medium,supplier-claimed,none,https://www.7pcb.com/blog/prototype-printed-circuit-board-pcb-assembly-prices-china,supplier-claimed (PCB vendor blog)
R056,Mechanical structure,Housing / enclosure / bracket,Many CN vendors offer one-stop multi-process (CNC+molding+die-cast+sheet-metal+3D print) low-MOQ manufacturing,unknown,China,"Multiple China-based manufacturing marketplaces/vendors (Xometry China ops, PCBWay, Qmolding, RpProto, Wayzao, UIDEA, Sung Precision Mould & Plastic) offer integrated prototype-through-low-volume services spanning CNC, injection molding, die casting, sheet-metal fabrication and 3D printing under one sourcing relationship, typically with flexible MOQs and online quoting.",medium,supplier-claimed,none,https://www.rpproto.com/services/low-volume-manufacturing,supplier-claimed (manufacturing vendor)
R058,N/A,N/A,"One-day full-robot component sourcing claimed possible in Huaqiangbei, Shenzhen; cluster specialization (Dongguan=volume, Songgang=bespoke precision)",unknown,"China (Pearl River Delta: Shenzhen, Guangzhou, Dongguan, Zhuhai)","'In Huaqiangbei, Shenzhen, it is possible to source all the components needed to assemble a robot in just one day'; a robot can allegedly go from prototype to small-batch production in a few days within this cluster. Cluster specialization: Dongguan focuses on volume/standardized parts, Songgang (near Shenzhen) on bespoke precision; Shenzhen robot industry chain output value was 179.7bn yuan in 2023.",low,fact,none,https://corematter.substack.com/p/inside-chinas-robotics-supply-chain,independent industry newsletter
R059,N/A,N/A,"Shenzhen robot industry chain output value 179.7bn yuan (2023), spanning upstream-to-downstream",unknown,China (Shenzhen),"Shenzhen's robot industry chain had a total output value of 179.7 billion yuan in 2023, spanning upstream core components, midstream body manufacturing, and downstream system integration.",medium,fact,none,https://thechinaacademy.org/the-landscape-of-chinas-robotics-industry/,industry/policy commentary (China-based outlet)
R060,N/A,N/A,Chinese firms claimed to now supply 'practically the entire robot' incl. controllers/sensors/vision/drives locally,unknown,China,"Chinese firms reportedly now supply 'practically the entire robot' within local industrial clusters, including controllers, torque sensors, vision processors and high-speed drives, not just mechanical components.",low,fact,No independent component-level bill-of-materials audit confirming 'practically the entire robot' claim,https://corematter.substack.com/p/inside-chinas-robotics-supply-chain,independent industry newsletter
R064,N/A,N/A,China supplies ~40-45% of AU precision turned metal component import value,unknown,unknown,"Australia/Oceania sources an estimated 65-75% of precision turned metal components from overseas; China is the largest single source, supplying ~40-45% of import value in brass/steel parts; domestic AU CNC capacity is concentrated in low-volume technical/prototyping runs rather than production volume.",high,fact,none,https://www.indexbox.io/store/australia-and-oceania-precision-turned-metal-components-market-analysis-forecast-size-trends-and-insights/,market research report
R076,Perception / sensor,LiDAR,Chinese LiDAR makers undercut Western incumbents ~50% at founding (Hesai $80k->$40k vs Velodyne-era pricing); Hesai selected as LiDAR partner for NVIDIA DRIVE Hyperion 10 (Jan 2026),Hesai; RoboSense,China,"When Hesai was founded, a comparable lidar product set cost up to US$80,000; Hesai sold equivalent products for US$40,000, helping it gain market share against Velodyne. In Jan 2026 Hesai was selected as the LiDAR partner for NVIDIA DRIVE Hyperion 10.",medium,fact,none,https://equalocean.com/analysis/2020071514249,industry publication
R077,Perception / sensor,LiDAR,RoboSense (CN) positioned as lower-cost vs Ouster (US) in buyer-facing comparison content,Ouster (US); RoboSense (CN),US vs China,"A LiDAR-buying-guide publication frames Ouster as the American high-resolution LiDAR maker and RoboSense as the Chinese maker for autonomous vehicles/robotics, implicitly as a US-vs-China purchase decision for robotics/industrial buyers; LiDAR unit price range spans a few hundred dollars to over $20,000 depending on laser type, detector material, range and resolution.",medium,fact,Direct like-for-like price comparison between an Ouster and a RoboSense unit of equivalent spec not located,https://www.generationrobots.com/blog/en/ouster-vs-robosense-which-brand-of-3d-lidar-to-choose/,supplier-adjacent comparison publication
R078,Compute / controller,Edge AI compute module (SoC),"Chinese humanoid makers reported moving toward RISC-V-based chips instead of NVIDIA Jetson; China-made Jetson-class alternative (D-Robotics RDK S100P, 128 TOPS) currently China-market-only",D-Robotics (RDK S100P); RISC-V 'K3' chip (humanoid demo),China,"Chinese humanoid robot makers are reported to be exploring RISC-V AI chips (e.g. the 'K3' chip powering 'Linglong 2.0' humanoids at a Beijing humanoid half-marathon) as an alternative to NVIDIA Jetson; separately, D-Robotics' RDK S100P offers a 128 TOPS INT8 module positioned as an alternative to Jetson Orin NX 16GB, but is currently targeted at the Chinese market only with no announced availability elsewhere.",medium,fact,Scale of RISC-V/domestic-chip adoption vs continued Jetson use across the CN humanoid industry not quantified,https://www.digitimes.com/news/a20260421PD231/robot-risc-v-nvidia-beijing-cpu.html,industry/trade publication
R081,End-effector,Gripper (parallel / adaptive),"Chinese gripper suppliers market products explicitly as OnRobot/Robotiq-equivalent at lower price, per B2B marketplace listings",Various (B2B marketplace listings),China,"Chinese suppliers list pneumatic and electric robot grippers explicitly marketed as similar to OnRobot and Robotiq models, at what industry commentary describes as 'competitive and cheap pricing' relative to Western brands — though no independently verified like-for-like price was located in this pass.",low,supplier-claimed,Independently verified like-for-like price comparison between a specific Chinese gripper SKU and Robotiq/OnRobot equivalent not located,https://www.made-in-china.com/manufacturers/robot-gripper.html,supplier-claimed (B2B marketplace directory)
