fact_id,robot_category,country,buyer_user,use_case,lifecycle_stage,adoption_growth_signal_raw_claim,confidence,fact_hypothesis_inference,missing_unknown,source_url
R001,Humanoid / general-purpose,US,OEM (automotive) via robot-as-a-service vendor,Sheet-metal part loading / logistics sequencing on auto assembly line,pilot,"Figure 02 completed an 11-month pilot at BMW Spartanburg (Jan-Nov 2025), loaded 90,000+ sheet metal parts, supported 30,000+ X3 vehicles; Figure has since moved Figure 03 to logistics sequencing at the same plant.",high,fact,none,https://humanoid.guide/humanoid-deployments-in-2026-favor-figure-and-agility/
R002,Humanoid / general-purpose,US,"3PL / logistics (GXO, Schaeffler, Toyota Canada, Mercado Libre)",Tote-moving / logistics RaaS,low-volume,"Agility Robotics' Digit surpassed 100,000 totes moved and 65,000+ operating hours across nine customer facilities under a RaaS contract at GXO's Flowery Branch facility; RoboFab (Salem, OR) designed for up to 10,000 Digit units/year.",medium,fact,none,https://robobrief.tech/blog/humanoid-robots-2026/
R003,Humanoid / general-purpose,AU,Warehouse operators (general),N/A,N/A,"As of end-August 2026, no Australian warehouse operator has publicly announced a live humanoid deployment, pilot or proof of concept.",medium,fact,AU humanoid warehouse adoption: unknown / not yet occurring per this source,https://www.ascla.org/humanoids-are-coming-to-the-warehouse/
R004,Humanoid / general-purpose,AU,Aged care operators; SME robot integrator/reseller,Companionship / wellness robot for aged care,low-volume,South Melbourne startup Andromeda sells an AI companion robot 'Abi' into aged-care facilities; Dex-Lab's humanoid 'Daisy' has been used across five Sydney aged-care facilities.,medium,fact,none,https://www.abc.net.au/news/2026-07-20/artificial-intelligence-testing-models-humanoids-data-centres/106928550
R005,AMR / warehouse / logistics,US,"3PL & e-commerce fulfillment (DHL, Geodis, Quiet Logistics/American Eagle)",Goods-to-picker pick assistance,production,"US AMR-for-logistics market valued at US$1.8B (2024) projected to US$4.5B by 2033 (~10.2% CAGR); Locus Robotics deployed at hundreds of 3PL/retail fulfillment sites, claims 2-3x units/hour vs manual picking.",medium,fact,none,https://www.gminsights.com/industry-analysis/autonomous-mobile-robots-market
R006,AMR / warehouse / logistics,US,3PL & e-commerce fulfillment,Goods-to-picker pick assistance,production,"Locus Robotics claims its system 'consistently delivers 2-3x the units-per-hour of manual picking'; DHL, Geodis and Quiet Logistics (acquired by American Eagle) are named multi-site customers.",low,fact,none,https://locusrobotics.com/blog/warehouse-robots-demystified-its-not-as-hard-as-you-think
R007,AMR / warehouse / logistics,AU,Australian e-commerce / fulfilment centres,"Order picking / warehouse automation, ASRS + AMR combined",low-volume,"Australian warehouse automation adoption in 2025 driven by e-commerce growth, labour shortages, and space scarcity; Robotics-as-a-Service (RaaS) and modular solutions cited as enabling smaller AU operators to adopt with lower upfront cost.",medium,fact,No AU-specific unit-count or market-size figure found in this source,https://www.australianmanufacturing.com.au/four-2025-trends-shaping-warehouse-automation-and-intralogistics/
R008,AMR / warehouse / logistics,Global,N/A,N/A,N/A,"Global AMR-for-logistics-and-warehousing market valued at $9.1B in 2025, projected to $44.6B by 2034 (17.9% CAGR); North America holds 37.3% share in 2025.",medium,fact,none,https://www.gminsights.com/industry-analysis/autonomous-mobile-robots-market
R009,Cobot / industrial arm / machine tending,US,"Automotive, electronics, food & beverage manufacturers","Machine tending, palletizing, assembly",production,"US collaborative robot market estimated at US$133.1M (2024), projected 29.7% CAGR 2025-2030 per one source; another source cites US$653.45M (2024) growing at 19.62% CAGR to 2032. Universal Robots holds ~31% global cobot market share via its UR+ partner network (85 new certified peripherals in 2024).",low,fact,none,https://www.marketsandmarkets.com/ResearchInsight/collaborative-robot-market-us.asp
R010,Cobot / industrial arm / machine tending,US,"Automotive, electronics, food & beverage manufacturers","Machine tending, palletizing, assembly",production,"US collaborative robot market projected to grow from US$653.45M (2024) to US$2,739.89M (2032), 19.62% CAGR 2025-2032; automotive, electronics and food & beverage cited as leading adopting industries.",low,fact,none,https://www.grandviewresearch.com/industry-analysis/us-collaborative-robots-market-report
R011,Cobot / industrial arm / machine tending,AU,AU SME manufacturers (10-50 employees),"Machine tending, pick & place, palletizing, welding",low-volume,"AU robotics-in-manufacturing market reached 4,600 units in 2025, projected to reach 17,400 units by 2034 (15.44% CAGR 2026-2034). AU manufacturing added only 8,400 jobs in 2025 against 23,000 openings, a labour-pressure driver for automation.",medium,fact,none,https://www.imarcgroup.com/australia-robotics-in-manufacturing-market
R012,Cobot / industrial arm / machine tending,AU,AU SME manufacturers (10-50 employees),"Machine tending, pick & place",low-volume,"An Australian manufacturer with 10-50 employees can reportedly deploy a cobot for under A$50,000, program it in hours, and see ROI in 12-18 months; payback periods of 8-24 months are cited as standard for AU cobot deployments.",low,fact,none,https://robotsnews.com.au/collaborative-robots-cobots-in-australian-manufacturing-a-practical-guide-for-smes/
R013,Agriculture robot,US,"Row-crop farmers (corn, soybean, organic)",Autonomous laser weeding + autonomous tractor supervision,production,"Carbon Robotics LaserWeeder (2nd gen, 6.5-40ft models) uses computer vision + lasers for weed elimination; in 2024 over 1M acres were treated with a competing system (John Deere See & Spray) with an average 59% reduction in herbicide use.",medium,fact,none,https://roboticsandautomationnews.com/2025/09/05/agricultural-robots-precision-farming-and-autonomous-harvesting/94109/
R014,Agriculture robot,US,Row-crop farmers,Retrofit autonomous tractor kit for existing John Deere 6R/8R tractors,production,"Carbon Robotics AutoTractor Kit retrofits John Deere 6R/8R tractors for 24-hour autonomous operation with no permanent modification, installs in <24h, integrates with LaserWeeder, remote 24/7 supervision center.",medium,supplier-claimed,none,https://www.futurefarming.com/tech-in-focus/autonomous-semi-autosteering-systems/carbon-robotics-launches-autotractor-kit-for-autonomous-john-deere-tractors/
R015,Agriculture robot,AU,"Broadacre farmers (row crop, grazing)","Autonomous spray, spread, mow",production,"SwarmFarm Robotics (founded 2015, Emerald, QLD) has 250+ autonomous robots operating over 10 million acres; three applications (Spray, Spread, Mow) are commercially finalised; raised A$31.3M over 5 rounds incl. a further A$30M raise reported Oct 2025.",high,fact,none,https://www.commbank.com.au/articles/newsroom/2025/11/swarmfarm-robots-put-ag-on-global-tech-map.html
R016,Agriculture robot,AU,Broadacre farmers,Automated field robotics (various),prototype,"Agerris (spinout led by Prof. Salah Sukkarieh, who also helped develop SwarmFarm's robotics tech) received A$6.5M seed funding from Uniseed Group to commercialise automated farm equipment.",medium,fact,none,https://tracxn.com/d/companies/swarmfarm-robotics/__VtocScL1Ho1KkC2nYD6fr811xM-gHSwmVe8zTCZJgb8
R017,Inspection / field robot,US,"Oil & gas, utilities (bp, National Grid, GlobalFoundries)","Autonomous facility inspection (gauges, leaks, thermal)",production,"Global inspection-robotics-in-oil&gas market valued at US$0.84B (2025) -> US$0.93B (2026) -> US$1.51B by 2034; North America held 32.2% share in 2025. Named customers for Spot include GlobalFoundries, bp, National Grid.",medium,fact,none,https://www.giiresearch.com/report/fbs1933194-inspection-robotics-oil-gas-market-size-share.html
R018,Inspection / field robot,Global,Petronas (oil & gas),"Hazardous-area facility inspection, ATEX/IECEx rated",production,ANYbotics' ANYmal X (IP67) is marketed as the only legged robot able to navigate complex multi-story ATEX/IECEx-rated facilities; Petronas signed a 2022 agreement to deploy ANYmal across facilities through 2025.,low,supplier-claimed,none,https://www.anybotics.com/news/how-to-hire-an-industrial-inspection-robot-part-2/
R019,Inspection / field robot,AU,"Mining (Rio Tinto, Pilbara iron ore)",Autonomous haul trucks + autonomous rail + inspection drones/ROVs,production,"Rio Tinto operates 130+ autonomous Komatsu 930E haul trucks (320t loaded) across Pilbara iron-ore operations; AutoHaul is described as the world's first heavy-haul long-distance autonomous rail operation (~200 locomotives, 1,700km+ of track); reported 20% productivity increase, 20% opex reduction, 90% reduction in haul-truck accidents.",medium,fact,none,https://www.riotinto.com/about/innovation/automation
R020,Service robot,US,Hospitals (25+ US hospitals),"Medication/supply delivery, hospital logistics",production,Diligent Robotics' Moxi built on deliveries completed across 25+ US hospitals; Moxi 2.0 (Oct 2025) uses an NVIDIA-accelerated robot foundation model; Diligent Robotics was acquired by Serve Robotics in January 2026.,medium,fact,none,https://www.cbsnews.com/news/robots-hospitals-health-care-moxi/
R021,Service robot,US,"Restaurants, hotels, senior living, casinos, airport lounges","Food/beverage delivery, bussing",production,"LG Electronics moved to a planned 51% controlling stake in Bear Robotics in 2025 (after an initial $60M investment in 2024); Servi used beyond restaurants in senior living, hotels, casinos, hospitals, airport lounges.",medium,fact,none,https://www.nrn.com/restaurant-technology/bear-robotics-and-softbank-join-forces-to-mass-produce-servi-foodservice-robot
R022,Service robot,Global,Hospitality operators (NA vs Asia),Various service robot tasks,production,Service robot hospitality deployment cited at 20% adoption in North America vs 35% in Asia; ROI cited at 18-24 months with 20-40% labor savings.,low,fact,No methodology disclosed for the 20%/35% adoption-rate figures,https://sparkco.ai/blog/service-robot-hospitality-industry-deployment
R023,Service robot,AU,Aged-care facilities,"Meal/laundry transport, companionship/wellness",pilot,Research study of 34 staff interactions with 10 service robots in a regional Australian aged-care facility found robots focused primarily on transporting meals and laundry.,high,fact,none,https://www.nature.com/articles/s41598-025-86255-w
R024,Service robot,AU,Aged-care / retirement living operators,Autonomous cleaning,low-volume,"SIMPPLE Australia deployed autonomous cleaning robots across 80+ retirement facilities (announced Aug 2025), described by the vendor as the largest robotic fleet in New Zealand's retirement-living sector.",low,supplier-claimed,none,https://incleanmag.com.au/ai-and-automation-transforming-aged-care-hygiene/
R025,Maker / hobby / education robot,US,K-12 and university students,"Robotics competitions (FIRST, VEX)",N/A,"93,000+ students in 35 countries competed in the 2025 FIRST Robotics Competition season (2024 season: 3,468 teams, 28 countries, 86,700+ students, 27,700 mentors). VEX has 20,000+ total registered teams across 50+ countries; 11,500+ teams from 40 countries played in 750+ tournaments in the past year.",high,fact,none,https://www.firstinspires.org/about/impact
R026,Maker / hobby / education robot,AU,K-12 / university students,"Robotics competitions, hobby builds",N/A,"No Australia-specific maker/hobby robotics participation statistics (e.g. AU FIRST/VEX team counts, AU maker-space robot-build volume) were located in this research pass.",low,inference,AU maker/hobby robotics scale: unknown,https://en.wikipedia.org/wiki/VEX_Robotics
R027,Startup-built custom robot systems,US,Venture-backed robotics startups (2-200+ person),"Humanoid, AMR, ag-robot, inspection-robot product development",N/A,Humanoid-robotics startups raised US$8.6B in 2026 year-to-date (1.8x all of 2025); Figure AI raised ~US$2.34B (valued $39B); Apptronik raised $520M extension of a $415M Series A (total >$935M). North America captured $3.76B / 82.2% of all disclosed robotics-startup capital; Infrastructure Service Robots led with $2.23B across 15 deals (48.7% of capital); seed rounds were only 3 deals / 0.74% of capital.,medium,fact,none,https://news.crunchbase.com/robotics/startup-venture-funding-surges-2026-data/
R028,Startup-built custom robot systems,AU,AU robotics startups (general),N/A,N/A,"No AU-specific robotics-startup funding aggregate (comparable to the US $8.6B 2026 YTD figure) was located in this research pass; AU-specific examples found were limited to individual companies (SwarmFarm, Agerris, Andromeda) rather than an aggregate market figure.",low,inference,AU startup robotics aggregate funding: unknown,https://news.crunchbase.com/robotics/startup-venture-funding-surges-2026-data/
R029,N/A (cross-category),Global,N/A,N/A,production,"Global industrial robot installations grew 15% to a record 621,000 units in the most recent full year reported by IFR; global forecast is 6% growth to 575,000 units in 2025; Asia accounted for 74% of new deployments in the most recent year vs 16% Europe, 9% Americas.",high,fact,none,https://ifr.org/ifr-press-releases/news/global-robot-demand-in-factories-doubles-over-10-years
R030,"N/A (cross-category, industrial robots)",US,"Automotive, food, metal/machinery, electrical-electronics manufacturers","Machine tending, assembly, material handling",production,"US industrial robot installations rose 11% YoY to 38,000 units in 2025 per IFR; food-industry adoption surged 30%; automotive remains largest adopter at 13,500 units (-1% YoY).",high,fact,none,https://ifr.org/ifr-press-releases/news/us-robot-industry-returns-to-double-digit-growth
R034,Humanoid,Global,OEM/integrator,Joint actuation (frameless / quasi-direct-drive motor),unknown,"Shenzhen's robot industry chain had 179.7bn yuan total output value in 2023, spanning upstream components through downstream system integration.",low,fact,Independent benchmark testing not cited in source — treat torque/cost figures as industry-tracker estimate,https://robotics.techbuzzchina.com/reports/actuators-motors.html
R035,Humanoid / quadruped,CN,Startup/maker integrator (also sold direct to hobbyists),Integrated joint/actuator module for build-your-own robot,production,"Integrated actuator ecosystem in China now includes multiple competing suppliers (Tihu, PhyArc, RobStride, Schaeffler China) offering off-the-shelf modules rather than requiring buyers to source motor+reducer+encoder+driver separately.",medium,fact,none,https://www.robohub.app/parts/robstride-04
R070,Maker/hobbyist,Global,Individual hobbyist / student,DIY 3D-printed robot arm build,prototype,"The 'Pedro' open-source project is a fully open-source 3D-printable educational robot arm with 6 rotational joints and a parallel-jaw gripper, using 7x Feetech STS3215 serial-bus servos, with a stated build cost of approximately US$220.",medium,fact,none,https://orobot.io/robots/arm
R071,"Maker/hobbyist, developer",Global,Individual developer / small team,Open-source robot-arm dev platform with full BOM disclosure,prototype,"The reBot-DevArm open-source project provides a detailed BOM with specifications and purchase links for every single screw, plus hardware blueprints/source files for both sheet-metal parts and 3D-printed parts — i.e. a maker-oriented project explicitly publishing sourcing data down to fastener level.",medium,fact,none,https://github.com/Seeed-Projects/reBot-DevArm
R072,"Maker/hobbyist, small integrator",Global,Individual / small team,Manufacturing-process selection guidance for robot-arm components,N/A,A US manufacturing-marketplace guide advises that robot-arm 'primary structural link bodies and actuator housings use CNC for prototype through pilot; bearing seats and precision mating interfaces use CNC; and secondary brackets use sheet metal' — explicit process-selection guidance aimed at exactly the maker/small-integrator audience named in the issue.,medium,supplier-claimed,none,https://www.fictiv.com/articles/robotic-arm-components-manufacturing
R073,"Maker/hobbyist, K-12/university",US,Student teams (K-12 through university),"Robotics competition builds (FRC, VEX)",N/A,"FIRST Robotics Competition and VEX Robotics are both cited as the two dominant K-12/university robotics-competition ecosystems in the US, with FIRST citing 93,000+ 2025-season student participants and VEX citing 20,000+ total registered teams across 50+ countries (11,500+ active in the past year).",high,fact,none,https://www.firstinspires.org/about/impact
R074,Maker/hobbyist,Global,N/A,3D printing as a driver of the maker robotics workflow,N/A,"The issue instructs not to assume a 3D-printing-driven trend without evidence. This research pass found direct evidence that at least some notable open-source maker robot-arm projects (Pedro, reBot-DevArm, and others catalogued at orobot.io) do center on FDM 3D printing for structural parts, but found no quantitative source (e.g. survey of maker robot builds by fabrication method) establishing what share of maker/startup robot builds use 3D printing vs CNC vs off-the-shelf extrusion.",medium,inference,Share of maker/hobbyist robot builds using 3D printing vs other fabrication methods: unknown (no survey-level source found),https://circuitdigest.com/articles/top-10-opensource-robotic-arms-for-beginners
R078,Humanoid,CN,OEM/integrator,Edge AI compute / robot controller,production,"Chinese humanoid robot makers are reported to be exploring RISC-V AI chips (e.g. the 'K3' chip powering 'Linglong 2.0' humanoids at a Beijing humanoid half-marathon) as an alternative to NVIDIA Jetson; separately, D-Robotics' RDK S100P offers a 128 TOPS INT8 module positioned as an alternative to Jetson Orin NX 16GB, but is currently targeted at the Chinese market only with no announced availability elsewhere.",medium,fact,Scale of RISC-V/domestic-chip adoption vs continued Jetson use across the CN humanoid industry not quantified,https://www.digitimes.com/news/a20260421PD231/robot-risc-v-nvidia-beijing-cpu.html
